month,revenue_target,profit_target,customer_target
2024-01,16713514,2526737,9741
2024-02,16011289,2493099,11700
2024-03,14845252,2620722,8065
2024-04,14901971,2828578,11297
2024-05,15133915,2577433,7139
2024-06,13904379,2166160,9043
2024-07,17162129,2847732,8670
2024-08,17490890,2899470,7584
2024-09,16771650,2267463,11864
2024-10,15177295,3211300,7049
2024-11,14803117,2479870,11916
2024-12,16701249,2821952,10947
2025-01,15136124,3433805,11182
2025-02,16662703,2215982,11374
2025-03,12770409,3356065,7962
2025-04,14397416,2160513,11264
2025-05,17607450,2932875,8973
2025-06,13786799,2792960,9071
2025-07,14036039,2756800,9988
2025-08,15740124,3102137,7970
2025-09,14082896,3223969,8460
2025-10,16345539,2231741,11115
2025-11,15342948,2308693,11862
2025-12,15228320,2788143,7645
