Year,Quarter,Month,Day,Count of order_id
2024,Qtr 1,January,1,86
2024,Qtr 1,January,2,111
2024,Qtr 1,January,3,92
2024,Qtr 1,January,4,121
2024,Qtr 1,January,5,100
2024,Qtr 1,January,6,115
2024,Qtr 1,January,7,86
2024,Qtr 1,January,8,101
2024,Qtr 1,January,9,98
2024,Qtr 1,January,10,118
2024,Qtr 1,January,11,101
2024,Qtr 1,January,12,104
2024,Qtr 1,January,13,95
2024,Qtr 1,January,14,125
2024,Qtr 1,January,15,99
2024,Qtr 1,January,16,100
2024,Qtr 1,January,17,91
2024,Qtr 1,January,18,102
2024,Qtr 1,January,19,113
2024,Qtr 1,January,20,89
2024,Qtr 1,January,21,89
2024,Qtr 1,January,22,106
2024,Qtr 1,January,23,123
2024,Qtr 1,January,24,95
2024,Qtr 1,January,25,105
2024,Qtr 1,January,26,97
2024,Qtr 1,January,27,101
2024,Qtr 1,January,28,116
2024,Qtr 1,January,29,118
2024,Qtr 1,January,30,127
2024,Qtr 1,January,31,96
2024,Qtr 1,February,1,115
2024,Qtr 1,February,2,91
2024,Qtr 1,February,3,94
2024,Qtr 1,February,4,108
2024,Qtr 1,February,5,104
2024,Qtr 1,February,6,115
2024,Qtr 1,February,7,89
2024,Qtr 1,February,8,74
2024,Qtr 1,February,9,110
2024,Qtr 1,February,10,104
2024,Qtr 1,February,11,91
2024,Qtr 1,February,12,105
2024,Qtr 1,February,13,102
2024,Qtr 1,February,14,89
2024,Qtr 1,February,15,120
2024,Qtr 1,February,16,109
2024,Qtr 1,February,17,109
2024,Qtr 1,February,18,96
2024,Qtr 1,February,19,99
2024,Qtr 1,February,20,112
2024,Qtr 1,February,21,109
2024,Qtr 1,February,22,97
2024,Qtr 1,February,23,80
2024,Qtr 1,February,24,100
2024,Qtr 1,February,25,93
2024,Qtr 1,February,26,104
2024,Qtr 1,February,27,115
2024,Qtr 1,February,28,79
2024,Qtr 1,February,29,101
2024,Qtr 1,March,1,100
2024,Qtr 1,March,2,119
2024,Qtr 1,March,3,102
2024,Qtr 1,March,4,94
2024,Qtr 1,March,5,116
2024,Qtr 1,March,6,95
2024,Qtr 1,March,7,81
2024,Qtr 1,March,8,96
2024,Qtr 1,March,9,111
2024,Qtr 1,March,10,101
2024,Qtr 1,March,11,105
2024,Qtr 1,March,12,103
2024,Qtr 1,March,13,97
2024,Qtr 1,March,14,105
2024,Qtr 1,March,15,99
2024,Qtr 1,March,16,113
2024,Qtr 1,March,17,114
2024,Qtr 1,March,18,111
2024,Qtr 1,March,19,95
2024,Qtr 1,March,20,118
2024,Qtr 1,March,21,92
2024,Qtr 1,March,22,98
2024,Qtr 1,March,23,109
2024,Qtr 1,March,24,117
2024,Qtr 1,March,25,98
2024,Qtr 1,March,26,97
2024,Qtr 1,March,27,112
2024,Qtr 1,March,28,103
2024,Qtr 1,March,29,109
2024,Qtr 1,March,30,109
2024,Qtr 1,March,31,102
2024,Qtr 2,April,1,82
2024,Qtr 2,April,2,97
2024,Qtr 2,April,3,107
2024,Qtr 2,April,4,89
2024,Qtr 2,April,5,119
2024,Qtr 2,April,6,109
2024,Qtr 2,April,7,109
2024,Qtr 2,April,8,93
2024,Qtr 2,April,9,103
2024,Qtr 2,April,10,92
2024,Qtr 2,April,11,109
2024,Qtr 2,April,12,91
2024,Qtr 2,April,13,102
2024,Qtr 2,April,14,107
2024,Qtr 2,April,15,83
2024,Qtr 2,April,16,111
2024,Qtr 2,April,17,112
2024,Qtr 2,April,18,122
2024,Qtr 2,April,19,97
2024,Qtr 2,April,20,91
2024,Qtr 2,April,21,96
2024,Qtr 2,April,22,109
2024,Qtr 2,April,23,99
2024,Qtr 2,April,24,124
2024,Qtr 2,April,25,109
2024,Qtr 2,April,26,95
2024,Qtr 2,April,27,94
2024,Qtr 2,April,28,89
2024,Qtr 2,April,29,98
2024,Qtr 2,April,30,91
2024,Qtr 2,May,1,94
2024,Qtr 2,May,2,128
2024,Qtr 2,May,3,100
2024,Qtr 2,May,4,112
2024,Qtr 2,May,5,94
2024,Qtr 2,May,6,98
2024,Qtr 2,May,7,93
2024,Qtr 2,May,8,97
2024,Qtr 2,May,9,102
2024,Qtr 2,May,10,98
2024,Qtr 2,May,11,80
2024,Qtr 2,May,12,117
2024,Qtr 2,May,13,92
2024,Qtr 2,May,14,98
2024,Qtr 2,May,15,106
2024,Qtr 2,May,16,95
2024,Qtr 2,May,17,107
2024,Qtr 2,May,18,87
2024,Qtr 2,May,19,112
2024,Qtr 2,May,20,104
2024,Qtr 2,May,21,114
2024,Qtr 2,May,22,106
2024,Qtr 2,May,23,80
2024,Qtr 2,May,24,110
2024,Qtr 2,May,25,104
2024,Qtr 2,May,26,111
2024,Qtr 2,May,27,100
2024,Qtr 2,May,28,101
2024,Qtr 2,May,29,99
2024,Qtr 2,May,30,96
2024,Qtr 2,May,31,115
2024,Qtr 2,June,1,79
2024,Qtr 2,June,2,115
2024,Qtr 2,June,3,103
2024,Qtr 2,June,4,103
2024,Qtr 2,June,5,80
2024,Qtr 2,June,6,113
2024,Qtr 2,June,7,116
2024,Qtr 2,June,8,100
2024,Qtr 2,June,9,118
2024,Qtr 2,June,10,107
2024,Qtr 2,June,11,106
2024,Qtr 2,June,12,94
2024,Qtr 2,June,13,92
2024,Qtr 2,June,14,93
2024,Qtr 2,June,15,114
2024,Qtr 2,June,16,106
2024,Qtr 2,June,17,110
2024,Qtr 2,June,18,102
2024,Qtr 2,June,19,108
2024,Qtr 2,June,20,111
2024,Qtr 2,June,21,117
2024,Qtr 2,June,22,127
2024,Qtr 2,June,23,95
2024,Qtr 2,June,24,97
2024,Qtr 2,June,25,110
2024,Qtr 2,June,26,118
2024,Qtr 2,June,27,103
2024,Qtr 2,June,28,108
2024,Qtr 2,June,29,119
2024,Qtr 2,June,30,91
2024,Qtr 3,July,1,100
2024,Qtr 3,July,2,115
2024,Qtr 3,July,3,110
2024,Qtr 3,July,4,107
2024,Qtr 3,July,5,107
2024,Qtr 3,July,6,101
2024,Qtr 3,July,7,119
2024,Qtr 3,July,8,109
2024,Qtr 3,July,9,110
2024,Qtr 3,July,10,94
2024,Qtr 3,July,11,107
2024,Qtr 3,July,12,100
2024,Qtr 3,July,13,107
2024,Qtr 3,July,14,80
2024,Qtr 3,July,15,115
2024,Qtr 3,July,16,84
2024,Qtr 3,July,17,101
2024,Qtr 3,July,18,91
2024,Qtr 3,July,19,103
2024,Qtr 3,July,20,103
2024,Qtr 3,July,21,112
2024,Qtr 3,July,22,108
2024,Qtr 3,July,23,109
2024,Qtr 3,July,24,107
2024,Qtr 3,July,25,83
2024,Qtr 3,July,26,99
2024,Qtr 3,July,27,113
2024,Qtr 3,July,28,105
2024,Qtr 3,July,29,88
2024,Qtr 3,July,30,99
2024,Qtr 3,July,31,105
2024,Qtr 3,August,1,107
2024,Qtr 3,August,2,113
2024,Qtr 3,August,3,102
2024,Qtr 3,August,4,105
2024,Qtr 3,August,5,106
2024,Qtr 3,August,6,94
2024,Qtr 3,August,7,101
2024,Qtr 3,August,8,88
2024,Qtr 3,August,9,114
2024,Qtr 3,August,10,116
2024,Qtr 3,August,11,103
2024,Qtr 3,August,12,115
2024,Qtr 3,August,13,109
2024,Qtr 3,August,14,74
2024,Qtr 3,August,15,99
2024,Qtr 3,August,16,103
2024,Qtr 3,August,17,122
2024,Qtr 3,August,18,102
2024,Qtr 3,August,19,108
2024,Qtr 3,August,20,101
2024,Qtr 3,August,21,104
2024,Qtr 3,August,22,103
2024,Qtr 3,August,23,125
2024,Qtr 3,August,24,97
2024,Qtr 3,August,25,93
2024,Qtr 3,August,26,105
2024,Qtr 3,August,27,126
2024,Qtr 3,August,28,97
2024,Qtr 3,August,29,98
2024,Qtr 3,August,30,99
2024,Qtr 3,August,31,102
2024,Qtr 3,September,1,100
2024,Qtr 3,September,2,92
2024,Qtr 3,September,3,108
2024,Qtr 3,September,4,98
2024,Qtr 3,September,5,96
2024,Qtr 3,September,6,102
2024,Qtr 3,September,7,92
2024,Qtr 3,September,8,85
2024,Qtr 3,September,9,86
2024,Qtr 3,September,10,100
2024,Qtr 3,September,11,111
2024,Qtr 3,September,12,100
2024,Qtr 3,September,13,112
2024,Qtr 3,September,14,100
2024,Qtr 3,September,15,101
2024,Qtr 3,September,16,110
2024,Qtr 3,September,17,97
2024,Qtr 3,September,18,101
2024,Qtr 3,September,19,113
2024,Qtr 3,September,20,100
2024,Qtr 3,September,21,107
2024,Qtr 3,September,22,93
2024,Qtr 3,September,23,114
2024,Qtr 3,September,24,102
2024,Qtr 3,September,25,99
2024,Qtr 3,September,26,103
2024,Qtr 3,September,27,91
2024,Qtr 3,September,28,94
2024,Qtr 3,September,29,87
2024,Qtr 3,September,30,111
2024,Qtr 4,October,1,101
2024,Qtr 4,October,2,103
2024,Qtr 4,October,3,108
2024,Qtr 4,October,4,112
2024,Qtr 4,October,5,101
2024,Qtr 4,October,6,87
2024,Qtr 4,October,7,112
2024,Qtr 4,October,8,87
2024,Qtr 4,October,9,116
2024,Qtr 4,October,10,98
2024,Qtr 4,October,11,127
2024,Qtr 4,October,12,103
2024,Qtr 4,October,13,104
2024,Qtr 4,October,14,93
2024,Qtr 4,October,15,121
2024,Qtr 4,October,16,85
2024,Qtr 4,October,17,101
2024,Qtr 4,October,18,96
2024,Qtr 4,October,19,98
2024,Qtr 4,October,20,106
2024,Qtr 4,October,21,102
2024,Qtr 4,October,22,94
2024,Qtr 4,October,23,92
2024,Qtr 4,October,24,107
2024,Qtr 4,October,25,89
2024,Qtr 4,October,26,102
2024,Qtr 4,October,27,111
2024,Qtr 4,October,28,101
2024,Qtr 4,October,29,113
2024,Qtr 4,October,30,98
2024,Qtr 4,October,31,100
2024,Qtr 4,November,1,107
2024,Qtr 4,November,2,104
2024,Qtr 4,November,3,88
2024,Qtr 4,November,4,92
2024,Qtr 4,November,5,94
2024,Qtr 4,November,6,89
2024,Qtr 4,November,7,106
2024,Qtr 4,November,8,120
2024,Qtr 4,November,9,91
2024,Qtr 4,November,10,119
2024,Qtr 4,November,11,100
2024,Qtr 4,November,12,105
2024,Qtr 4,November,13,111
2024,Qtr 4,November,14,84
2024,Qtr 4,November,15,100
2024,Qtr 4,November,16,98
2024,Qtr 4,November,17,95
2024,Qtr 4,November,18,100
2024,Qtr 4,November,19,99
2024,Qtr 4,November,20,113
2024,Qtr 4,November,21,88
2024,Qtr 4,November,22,103
2024,Qtr 4,November,23,106
2024,Qtr 4,November,24,91
2024,Qtr 4,November,25,99
2024,Qtr 4,November,26,99
2024,Qtr 4,November,27,107
2024,Qtr 4,November,28,107
2024,Qtr 4,November,29,87
2024,Qtr 4,November,30,101
2024,Qtr 4,December,1,100
2024,Qtr 4,December,2,116
2024,Qtr 4,December,3,113
2024,Qtr 4,December,4,111
2024,Qtr 4,December,5,112
2024,Qtr 4,December,6,96
2024,Qtr 4,December,7,102
2024,Qtr 4,December,8,89
2024,Qtr 4,December,9,104
2024,Qtr 4,December,10,94
2024,Qtr 4,December,11,97
2024,Qtr 4,December,12,103
2024,Qtr 4,December,13,103
2024,Qtr 4,December,14,108
2024,Qtr 4,December,15,102
2024,Qtr 4,December,16,106
2024,Qtr 4,December,17,102
2024,Qtr 4,December,18,107
2024,Qtr 4,December,19,103
2024,Qtr 4,December,20,99
2024,Qtr 4,December,21,105
2024,Qtr 4,December,22,119
2024,Qtr 4,December,23,95
2024,Qtr 4,December,24,112
2024,Qtr 4,December,25,95
2024,Qtr 4,December,26,101
2024,Qtr 4,December,27,108
2024,Qtr 4,December,28,95
2024,Qtr 4,December,29,113
2024,Qtr 4,December,30,112
2024,Qtr 4,December,31,102
2025,Qtr 1,January,1,89
2025,Qtr 1,January,2,102
2025,Qtr 1,January,3,110
2025,Qtr 1,January,4,111
2025,Qtr 1,January,5,118
2025,Qtr 1,January,6,111
2025,Qtr 1,January,7,108
2025,Qtr 1,January,8,100
2025,Qtr 1,January,9,101
2025,Qtr 1,January,10,117
2025,Qtr 1,January,11,103
2025,Qtr 1,January,12,102
2025,Qtr 1,January,13,88
2025,Qtr 1,January,14,103
2025,Qtr 1,January,15,112
2025,Qtr 1,January,16,115
2025,Qtr 1,January,17,101
2025,Qtr 1,January,18,88
2025,Qtr 1,January,19,111
2025,Qtr 1,January,20,113
2025,Qtr 1,January,21,104
2025,Qtr 1,January,22,97
2025,Qtr 1,January,23,95
2025,Qtr 1,January,24,104
2025,Qtr 1,January,25,95
2025,Qtr 1,January,26,79
2025,Qtr 1,January,27,106
2025,Qtr 1,January,28,95
2025,Qtr 1,January,29,99
2025,Qtr 1,January,30,118
2025,Qtr 1,January,31,95
2025,Qtr 1,February,1,98
2025,Qtr 1,February,2,119
2025,Qtr 1,February,3,88
2025,Qtr 1,February,4,97
2025,Qtr 1,February,5,91
2025,Qtr 1,February,6,116
2025,Qtr 1,February,7,116
2025,Qtr 1,February,8,106
2025,Qtr 1,February,9,101
2025,Qtr 1,February,10,100
2025,Qtr 1,February,11,94
2025,Qtr 1,February,12,102
2025,Qtr 1,February,13,114
2025,Qtr 1,February,14,108
2025,Qtr 1,February,15,84
2025,Qtr 1,February,16,106
2025,Qtr 1,February,17,101
2025,Qtr 1,February,18,89
2025,Qtr 1,February,19,117
2025,Qtr 1,February,20,109
2025,Qtr 1,February,21,98
2025,Qtr 1,February,22,113
2025,Qtr 1,February,23,100
2025,Qtr 1,February,24,110
2025,Qtr 1,February,25,111
2025,Qtr 1,February,26,103
2025,Qtr 1,February,27,95
2025,Qtr 1,February,28,109
2025,Qtr 1,March,1,94
2025,Qtr 1,March,2,111
2025,Qtr 1,March,3,100
2025,Qtr 1,March,4,106
2025,Qtr 1,March,5,108
2025,Qtr 1,March,6,91
2025,Qtr 1,March,7,111
2025,Qtr 1,March,8,90
2025,Qtr 1,March,9,115
2025,Qtr 1,March,10,87
2025,Qtr 1,March,11,94
2025,Qtr 1,March,12,92
2025,Qtr 1,March,13,106
2025,Qtr 1,March,14,96
2025,Qtr 1,March,15,103
2025,Qtr 1,March,16,96
2025,Qtr 1,March,17,114
2025,Qtr 1,March,18,104
2025,Qtr 1,March,19,106
2025,Qtr 1,March,20,114
2025,Qtr 1,March,21,115
2025,Qtr 1,March,22,94
2025,Qtr 1,March,23,97
2025,Qtr 1,March,24,103
2025,Qtr 1,March,25,105
2025,Qtr 1,March,26,86
2025,Qtr 1,March,27,92
2025,Qtr 1,March,28,117
2025,Qtr 1,March,29,90
2025,Qtr 1,March,30,89
2025,Qtr 1,March,31,111
2025,Qtr 2,April,1,107
2025,Qtr 2,April,2,95
2025,Qtr 2,April,3,127
2025,Qtr 2,April,4,101
2025,Qtr 2,April,5,94
2025,Qtr 2,April,6,120
2025,Qtr 2,April,7,103
2025,Qtr 2,April,8,99
2025,Qtr 2,April,9,106
2025,Qtr 2,April,10,106
2025,Qtr 2,April,11,93
2025,Qtr 2,April,12,103
2025,Qtr 2,April,13,99
2025,Qtr 2,April,14,92
2025,Qtr 2,April,15,109
2025,Qtr 2,April,16,99
2025,Qtr 2,April,17,89
2025,Qtr 2,April,18,103
2025,Qtr 2,April,19,107
2025,Qtr 2,April,20,74
2025,Qtr 2,April,21,104
2025,Qtr 2,April,22,87
2025,Qtr 2,April,23,112
2025,Qtr 2,April,24,106
2025,Qtr 2,April,25,106
2025,Qtr 2,April,26,112
2025,Qtr 2,April,27,99
2025,Qtr 2,April,28,101
2025,Qtr 2,April,29,109
2025,Qtr 2,April,30,93
2025,Qtr 2,May,1,96
2025,Qtr 2,May,2,106
2025,Qtr 2,May,3,106
2025,Qtr 2,May,4,95
2025,Qtr 2,May,5,94
2025,Qtr 2,May,6,107
2025,Qtr 2,May,7,105
2025,Qtr 2,May,8,99
2025,Qtr 2,May,9,101
2025,Qtr 2,May,10,104
2025,Qtr 2,May,11,109
2025,Qtr 2,May,12,99
2025,Qtr 2,May,13,97
2025,Qtr 2,May,14,116
2025,Qtr 2,May,15,116
2025,Qtr 2,May,16,103
2025,Qtr 2,May,17,92
2025,Qtr 2,May,18,116
2025,Qtr 2,May,19,116
2025,Qtr 2,May,20,95
2025,Qtr 2,May,21,93
2025,Qtr 2,May,22,104
2025,Qtr 2,May,23,108
2025,Qtr 2,May,24,101
2025,Qtr 2,May,25,106
2025,Qtr 2,May,26,109
2025,Qtr 2,May,27,112
2025,Qtr 2,May,28,117
2025,Qtr 2,May,29,109
2025,Qtr 2,May,30,115
2025,Qtr 2,May,31,100
2025,Qtr 2,June,1,88
2025,Qtr 2,June,2,107
2025,Qtr 2,June,3,112
2025,Qtr 2,June,4,97
2025,Qtr 2,June,5,109
2025,Qtr 2,June,6,109
2025,Qtr 2,June,7,91
2025,Qtr 2,June,8,84
2025,Qtr 2,June,9,81
2025,Qtr 2,June,10,102
2025,Qtr 2,June,11,100
2025,Qtr 2,June,12,88
2025,Qtr 2,June,13,120
2025,Qtr 2,June,14,76
2025,Qtr 2,June,15,108
2025,Qtr 2,June,16,107
2025,Qtr 2,June,17,103
2025,Qtr 2,June,18,112
2025,Qtr 2,June,19,98
2025,Qtr 2,June,20,95
2025,Qtr 2,June,21,120
2025,Qtr 2,June,22,106
2025,Qtr 2,June,23,106
2025,Qtr 2,June,24,111
2025,Qtr 2,June,25,97
2025,Qtr 2,June,26,85
2025,Qtr 2,June,27,93
2025,Qtr 2,June,28,113
2025,Qtr 2,June,29,88
2025,Qtr 2,June,30,103
2025,Qtr 3,July,1,109
2025,Qtr 3,July,2,104
2025,Qtr 3,July,3,90
2025,Qtr 3,July,4,101
2025,Qtr 3,July,5,108
2025,Qtr 3,July,6,100
2025,Qtr 3,July,7,99
2025,Qtr 3,July,8,109
2025,Qtr 3,July,9,100
2025,Qtr 3,July,10,109
2025,Qtr 3,July,11,99
2025,Qtr 3,July,12,109
2025,Qtr 3,July,13,89
2025,Qtr 3,July,14,93
2025,Qtr 3,July,15,97
2025,Qtr 3,July,16,107
2025,Qtr 3,July,17,90
2025,Qtr 3,July,18,99
2025,Qtr 3,July,19,92
2025,Qtr 3,July,20,102
2025,Qtr 3,July,21,96
2025,Qtr 3,July,22,97
2025,Qtr 3,July,23,117
2025,Qtr 3,July,24,116
2025,Qtr 3,July,25,99
2025,Qtr 3,July,26,98
2025,Qtr 3,July,27,92
2025,Qtr 3,July,28,102
2025,Qtr 3,July,29,93
2025,Qtr 3,July,30,117
2025,Qtr 3,July,31,110
2025,Qtr 3,August,1,95
2025,Qtr 3,August,2,107
2025,Qtr 3,August,3,99
2025,Qtr 3,August,4,93
2025,Qtr 3,August,5,101
2025,Qtr 3,August,6,112
2025,Qtr 3,August,7,112
2025,Qtr 3,August,8,108
2025,Qtr 3,August,9,86
2025,Qtr 3,August,10,107
2025,Qtr 3,August,11,98
2025,Qtr 3,August,12,102
2025,Qtr 3,August,13,124
2025,Qtr 3,August,14,111
2025,Qtr 3,August,15,110
2025,Qtr 3,August,16,110
2025,Qtr 3,August,17,111
2025,Qtr 3,August,18,108
2025,Qtr 3,August,19,109
2025,Qtr 3,August,20,97
2025,Qtr 3,August,21,104
2025,Qtr 3,August,22,99
2025,Qtr 3,August,23,104
2025,Qtr 3,August,24,103
2025,Qtr 3,August,25,116
2025,Qtr 3,August,26,90
2025,Qtr 3,August,27,99
2025,Qtr 3,August,28,116
2025,Qtr 3,August,29,117
2025,Qtr 3,August,30,114
2025,Qtr 3,August,31,113
2025,Qtr 3,September,1,110
2025,Qtr 3,September,2,103
2025,Qtr 3,September,3,109
2025,Qtr 3,September,4,121
2025,Qtr 3,September,5,117
2025,Qtr 3,September,6,109
2025,Qtr 3,September,7,103
2025,Qtr 3,September,8,86
2025,Qtr 3,September,9,112
2025,Qtr 3,September,10,94
2025,Qtr 3,September,11,99
2025,Qtr 3,September,12,91
2025,Qtr 3,September,13,104
2025,Qtr 3,September,14,108
2025,Qtr 3,September,15,118
2025,Qtr 3,September,16,90
2025,Qtr 3,September,17,97
2025,Qtr 3,September,18,110
2025,Qtr 3,September,19,92
2025,Qtr 3,September,20,108
2025,Qtr 3,September,21,93
2025,Qtr 3,September,22,108
2025,Qtr 3,September,23,100
2025,Qtr 3,September,24,96
2025,Qtr 3,September,25,100
2025,Qtr 3,September,26,86
2025,Qtr 3,September,27,100
2025,Qtr 3,September,28,107
2025,Qtr 3,September,29,93
2025,Qtr 3,September,30,117
2025,Qtr 4,October,1,99
2025,Qtr 4,October,2,95
2025,Qtr 4,October,3,93
2025,Qtr 4,October,4,102
2025,Qtr 4,October,5,98
2025,Qtr 4,October,6,105
2025,Qtr 4,October,7,105
2025,Qtr 4,October,8,110
2025,Qtr 4,October,9,102
2025,Qtr 4,October,10,98
2025,Qtr 4,October,11,90
2025,Qtr 4,October,12,93
2025,Qtr 4,October,13,101
2025,Qtr 4,October,14,105
2025,Qtr 4,October,15,112
2025,Qtr 4,October,16,130
2025,Qtr 4,October,17,113
2025,Qtr 4,October,18,105
2025,Qtr 4,October,19,110
2025,Qtr 4,October,20,91
2025,Qtr 4,October,21,96
2025,Qtr 4,October,22,92
2025,Qtr 4,October,23,103
2025,Qtr 4,October,24,111
2025,Qtr 4,October,25,99
2025,Qtr 4,October,26,103
2025,Qtr 4,October,27,101
2025,Qtr 4,October,28,115
2025,Qtr 4,October,29,108
2025,Qtr 4,October,30,94
2025,Qtr 4,October,31,98
2025,Qtr 4,November,1,121
2025,Qtr 4,November,2,112
2025,Qtr 4,November,3,96
2025,Qtr 4,November,4,111
2025,Qtr 4,November,5,95
2025,Qtr 4,November,6,101
2025,Qtr 4,November,7,102
2025,Qtr 4,November,8,103
2025,Qtr 4,November,9,96
2025,Qtr 4,November,10,86
2025,Qtr 4,November,11,119
2025,Qtr 4,November,12,110
2025,Qtr 4,November,13,89
2025,Qtr 4,November,14,97
2025,Qtr 4,November,15,109
2025,Qtr 4,November,16,108
2025,Qtr 4,November,17,95
2025,Qtr 4,November,18,104
2025,Qtr 4,November,19,115
2025,Qtr 4,November,20,96
2025,Qtr 4,November,21,91
2025,Qtr 4,November,22,112
2025,Qtr 4,November,23,95
2025,Qtr 4,November,24,93
2025,Qtr 4,November,25,95
2025,Qtr 4,November,26,106
2025,Qtr 4,November,27,103
2025,Qtr 4,November,28,111
2025,Qtr 4,November,29,104
2025,Qtr 4,November,30,93
2025,Qtr 4,December,1,135
2025,Qtr 4,December,2,111
2025,Qtr 4,December,3,106
2025,Qtr 4,December,4,107
2025,Qtr 4,December,5,99
2025,Qtr 4,December,6,110
2025,Qtr 4,December,7,100
2025,Qtr 4,December,8,80
2025,Qtr 4,December,9,99
2025,Qtr 4,December,10,123
2025,Qtr 4,December,11,100
2025,Qtr 4,December,12,110
2025,Qtr 4,December,13,114
2025,Qtr 4,December,14,106
2025,Qtr 4,December,15,111
2025,Qtr 4,December,16,100
2025,Qtr 4,December,17,101
2025,Qtr 4,December,18,78
2025,Qtr 4,December,19,112
2025,Qtr 4,December,20,117
2025,Qtr 4,December,21,116
2025,Qtr 4,December,22,79
2025,Qtr 4,December,23,102
2025,Qtr 4,December,24,107
2025,Qtr 4,December,25,103
2025,Qtr 4,December,26,102
2025,Qtr 4,December,27,110
2025,Qtr 4,December,28,103
2025,Qtr 4,December,29,90
2025,Qtr 4,December,30,94
2025,Qtr 4,December,31,88
