Count of order_id,product_name
105,Furniture_499
103,Accessories_983
103,TV_260
100,Laptop_972
99,Kitchen_303
98,Audio_865
98,Fitness_331
98,Furniture_501
97,Accessories_869
97,Fitness_234
97,Shoes_621
97,Skincare_482
96,Accessories_757
96,Furniture_888
96,Mobile_566
96,TV_70
96,TV_703
95,Audio_567
95,Decor_881
95,Fitness_861
94,Audio_840
94,Clothing_274
94,Decor_286
94,Fiction_646
94,Mobile_382
94,Shoes_278
94,TV_57
93,Clothing_59
93,Cosmetics_451
93,Cosmetics_528
93,Mobile_821
93,Shoes_791
92,Kitchen_130
92,Kitchen_328
92,Laptop_987
92,Mobile_122
92,Mobile_471
92,Mobile_674
92,Mobile_786
92,Mobile_847
92,Outdoor_423
92,Outdoor_430
91,Cosmetics_902
91,Kitchen_417
91,Mobile_352
91,Shoes_408
91,TV_253
90,Audio_231
90,Audio_920
90,Audio_999
90,Clothing_151
90,Furniture_852
90,Laptop_844
90,Laptop_905
90,Mobile_370
90,Mobile_753
90,Outdoor_185
90,Shoes_458
90,Shoes_6
89,Accessories_871
89,Audio_593
89,Audio_866
89,Clothing_38
89,Cosmetics_727
89,Decor_790
89,Education_418
89,Kitchen_301
89,Mobile_429
89,Mobile_663
89,Shoes_671
89,Shoes_780
89,Skincare_908
88,Accessories_250
88,Accessories_343
88,Audio_534
88,Clothing_229
88,Clothing_237
88,Clothing_400
88,Fiction_312
88,Laptop_261
88,Laptop_454
88,Laptop_475
88,Laptop_516
88,Mobile_624
88,Outdoor_249
88,Shoes_126
88,Shoes_537
88,Shoes_709
88,TV_109
88,TV_110
88,TV_168
88,TV_376
88,TV_536
88,TV_782
88,TV_91
87,Audio_828
87,Clothing_450
87,Cosmetics_494
87,Cosmetics_550
87,Furniture_61
87,Kitchen_940
87,Laptop_266
87,Laptop_863
87,Mobile_361
87,Mobile_668
87,TV_481
87,TV_618
86,Accessories_944
86,Accessories_963
86,Audio_167
86,Audio_508
86,Audio_543
86,Audio_728
86,Audio_784
86,Clothing_160
86,Cosmetics_379
86,Cosmetics_591
86,Decor_558
86,Kitchen_171
86,Kitchen_228
86,Kitchen_573
86,Laptop_412
86,Laptop_835
86,Mobile_32
86,Shoes_470
86,Skincare_391
86,TV_225
86,TV_555
86,TV_922
85,Accessories_192
85,Audio_860
85,Audio_955
85,Clothing_364
85,Clothing_690
85,Cosmetics_565
85,Cosmetics_8
85,Furniture_991
85,Kitchen_222
85,Kitchen_68
85,Laptop_459
85,Laptop_503
85,Laptop_612
85,Laptop_696
85,Mobile_251
85,Mobile_365
85,Outdoor_643
85,Shoes_201
85,Shoes_480
85,Shoes_562
85,Shoes_629
85,Skincare_155
85,Skincare_83
85,TV_619
84,Accessories_220
84,Accessories_587
84,Audio_689
84,Clothing_20
84,Clothing_356
84,Decor_575
84,Fitness_53
84,Fitness_841
84,Laptop_131
84,Laptop_529
84,Laptop_636
84,Laptop_732
84,Laptop_978
84,Mobile_162
84,Mobile_267
84,Shoes_378
84,Shoes_438
83,Accessories_277
83,Audio_135
83,Audio_290
83,Audio_531
83,Audio_823
83,Clothing_570
83,Clothing_644
83,Clothing_864
83,Cosmetics_713
83,Fiction_92
83,Fitness_952
83,Furniture_948
83,Laptop_1
83,Laptop_493
83,Laptop_673
83,Laptop_989
83,Mobile_121
83,Mobile_273
83,Mobile_580
83,Outdoor_771
83,Shoes_476
83,Shoes_605
83,Shoes_810
83,Skincare_807
83,TV_208
83,TV_335
83,TV_733
82,Accessories_708
82,Audio_105
82,Audio_505
82,Audio_548
82,Audio_616
82,Clothing_101
82,Clothing_179
82,Clothing_448
82,Clothing_489
82,Education_183
82,Fitness_838
82,Furniture_144
82,Furniture_270
82,Furniture_51
82,Kitchen_856
82,Laptop_2
82,Laptop_338
82,Laptop_390
82,Laptop_409
82,Laptop_678
82,Laptop_889
82,Laptop_956
82,Mobile_372
82,Outdoor_824
82,Shoes_254
82,Shoes_762
82,Shoes_834
82,Shoes_836
82,Shoes_9
82,Skincare_695
82,Skincare_883
82,TV_300
81,Accessories_259
81,Accessories_348
81,Accessories_547
81,Accessories_572
81,Accessories_606
81,Accessories_805
81,Audio_150
81,Audio_321
81,Audio_685
81,Clothing_139
81,Clothing_216
81,Clothing_34
81,Clothing_406
81,Clothing_651
81,Cosmetics_149
81,Cosmetics_368
81,Cosmetics_375
81,Decor_700
81,Decor_705
81,Education_554
81,Furniture_238
81,Furniture_691
81,Kitchen_362
81,Laptop_568
81,Laptop_96
81,Mobile_967
81,Outdoor_258
81,Outdoor_719
81,Shoes_875
81,Shoes_924
81,Shoes_980
81,Skincare_294
81,TV_366
81,TV_779
80,Accessories_387
80,Accessories_410
80,Accessories_760
80,Accessories_977
80,Audio_190
80,Audio_305
80,Audio_421
80,Audio_837
80,Audio_868
80,Clothing_272
80,Clothing_716
80,Clothing_755
80,Clothing_857
80,Clothing_942
80,Cosmetics_603
80,Cosmetics_818
80,Fitness_506
80,Furniture_114
80,Furniture_608
80,Kitchen_650
80,Laptop_115
80,Laptop_166
80,Laptop_187
80,Laptop_21
80,Laptop_457
80,Laptop_722
80,Mobile_153
80,Mobile_255
80,Mobile_492
80,Mobile_684
80,Outdoor_287
80,Outdoor_87
80,Shoes_655
80,Shoes_7
80,Skincare_901
80,TV_518
80,TV_747
80,TV_842
79,Accessories_106
79,Accessories_380
79,Audio_296
79,Audio_46
79,Audio_561
79,Audio_718
79,Audio_910
79,Audio_943
79,Clothing_133
79,Clothing_138
79,Clothing_527
79,Clothing_814
79,Clothing_936
79,Cosmetics_284
79,Cosmetics_440
79,Cosmetics_879
79,Decor_775
79,Fiction_712
79,Fitness_808
79,Fitness_97
79,Kitchen_748
79,Kitchen_931
79,Laptop_14
79,Laptop_161
79,Laptop_483
79,Laptop_592
79,Laptop_798
79,Mobile_102
79,Mobile_322
79,Shoes_792
79,Skincare_299
79,TV_313
79,TV_44
79,TV_452
79,TV_706
79,TV_76
79,TV_851
79,TV_953
78,Accessories_207
78,Accessories_439
78,Accessories_777
78,Audio_692
78,Audio_825
78,Clothing_239
78,Clothing_803
78,Cosmetics_235
78,Cosmetics_877
78,Decor_196
78,Decor_535
78,Decor_607
78,Fitness_293
78,Fitness_297
78,Fitness_333
78,Fitness_949
78,Furniture_437
78,Furniture_628
78,Furniture_813
78,Kitchen_424
78,Laptop_118
78,Laptop_351
78,Laptop_581
78,Laptop_677
78,Laptop_686
78,Laptop_926
78,Laptop_928
78,Laptop_954
78,Mobile_353
78,Mobile_56
78,Mobile_579
78,Mobile_751
78,Outdoor_761
78,Shoes_578
78,Shoes_81
78,Shoes_90
78,Skincare_127
78,Skincare_180
78,Skincare_339
78,TV_213
78,TV_330
78,TV_49
78,TV_584
78,TV_67
78,TV_710
78,TV_933
77,Accessories_224
77,Accessories_464
77,Accessories_617
77,Accessories_666
77,Accessories_878
77,Audio_124
77,Audio_211
77,Audio_325
77,Audio_354
77,Audio_740
77,Clothing_230
77,Clothing_247
77,Clothing_730
77,Clothing_84
77,Clothing_911
77,Clothing_995
77,Cosmetics_413
77,Cosmetics_648
77,Cosmetics_973
77,Decor_42
77,Decor_975
77,Education_586
77,Laptop_112
77,Laptop_768
77,Laptop_827
77,Laptop_93
77,Mobile_5
77,Mobile_723
77,Mobile_939
77,Mobile_957
77,Shoes_13
77,Shoes_264
77,Shoes_344
77,Shoes_496
77,Skincare_246
77,TV_28
77,TV_403
77,TV_441
77,TV_611
77,TV_993
76,Accessories_111
76,Accessories_638
76,Accessories_654
76,Accessories_763
76,Accessories_915
76,Accessories_921
76,Audio_693
76,Audio_750
76,Audio_811
76,Audio_816
76,Audio_89
76,Clothing_15
76,Clothing_281
76,Clothing_302
76,Clothing_384
76,Clothing_672
76,Clothing_854
76,Clothing_906
76,Clothing_927
76,Cosmetics_474
76,Cosmetics_623
76,Decor_288
76,Fiction_132
76,Fitness_461
76,Fitness_79
76,Fitness_819
76,Fitness_853
76,Furniture_398
76,Furniture_576
76,Furniture_622
76,Furniture_635
76,Kitchen_735
76,Laptop_156
76,Laptop_265
76,Laptop_465
76,Laptop_631
76,Laptop_783
76,Laptop_858
76,Laptop_960
76,Mobile_193
76,Mobile_203
76,Mobile_223
76,Mobile_334
76,Mobile_467
76,Mobile_484
76,Mobile_74
76,Mobile_833
76,Outdoor_519
76,Skincare_743
76,Skincare_754
76,Skincare_839
76,TV_184
76,TV_206
76,TV_217
76,TV_291
76,TV_298
76,TV_711
76,TV_764
76,TV_769
76,TV_801
76,TV_969
75,Accessories_113
75,Accessories_588
75,Accessories_903
75,Accessories_986
75,Audio_16
75,Audio_314
75,Clothing_397
75,Clothing_657
75,Cosmetics_504
75,Cosmetics_563
75,Cosmetics_815
75,Fiction_721
75,Fitness_394
75,Fitness_95
75,Furniture_419
75,Laptop_159
75,Laptop_212
75,Laptop_514
75,Laptop_541
75,Laptop_697
75,Laptop_85
75,Mobile_165
75,Mobile_432
75,Mobile_446
75,Mobile_456
75,Shoes_145
75,Shoes_30
75,Shoes_374
75,Shoes_404
75,Shoes_559
75,Skincare_675
75,TV_257
75,TV_589
75,TV_961
74,Accessories_329
74,Accessories_40
74,Accessories_625
74,Accessories_859
74,Audio_18
74,Audio_633
74,Clothing_282
74,Clothing_306
74,Clothing_41
74,Decor_170
74,Decor_191
74,Fiction_590
74,Furniture_932
74,Kitchen_232
74,Kitchen_256
74,Kitchen_817
74,Laptop_147
74,Laptop_204
74,Laptop_463
74,Laptop_731
74,Laptop_885
74,Laptop_930
74,Laptop_979
74,Mobile_649
74,Outdoor_583
74,Outdoor_596
74,Shoes_108
74,Shoes_319
74,Skincare_279
74,Skincare_422
74,Skincare_435
74,Skincare_876
74,TV_104
74,TV_137
74,TV_181
74,TV_262
74,TV_904
74,TV_970
73,Accessories_1000
73,Accessories_200
73,Accessories_244
73,Accessories_594
73,Accessories_820
73,Accessories_959
73,Audio_367
73,Audio_395
73,Audio_425
73,Audio_513
73,Audio_682
73,Audio_829
73,Audio_962
73,Audio_988
73,Clothing_116
73,Clothing_214
73,Clothing_665
73,Clothing_82
73,Clothing_884
73,Cosmetics_744
73,Decor_799
73,Education_158
73,Furniture_340
73,Furniture_35
73,Furniture_898
73,Kitchen_3
73,Kitchen_43
73,Kitchen_526
73,Laptop_263
73,Laptop_349
73,Laptop_698
73,Laptop_822
73,Laptop_849
73,Mobile_218
73,Mobile_243
73,Mobile_308
73,Mobile_386
73,Mobile_502
73,Mobile_602
73,Mobile_830
73,Shoes_194
73,Shoes_511
73,Shoes_664
73,Shoes_739
73,Shoes_966
73,Skincare_796
73,TV_283
73,TV_60
73,TV_660
73,TV_759
73,TV_789
73,TV_968
72,Accessories_219
72,Accessories_687
72,Accessories_729
72,Audio_416
72,Audio_557
72,Clothing_198
72,Clothing_377
72,Clothing_385
72,Clothing_642
72,Clothing_773
72,Cosmetics_337
72,Decor_874
72,Decor_893
72,Fitness_679
72,Kitchen_600
72,Kitchen_661
72,Laptop_195
72,Laptop_545
72,Laptop_609
72,Laptop_64
72,Laptop_659
72,Laptop_809
72,Laptop_935
72,Mobile_455
72,Mobile_626
72,Mobile_656
72,Mobile_726
72,Mobile_737
72,Mobile_892
72,Outdoor_17
72,Outdoor_381
72,Outdoor_509
72,Shoes_19
72,Skincare_25
72,Skincare_640
72,TV_45
72,TV_479
72,TV_647
72,TV_896
71,Accessories_140
71,Accessories_538
71,Audio_10
71,Audio_226
71,Audio_402
71,Audio_914
71,Clothing_142
71,Clothing_641
71,Clothing_680
71,Decor_443
71,Decor_472
71,Decor_658
71,Decor_707
71,Decor_894
71,Fiction_389
71,Fitness_78
71,Fitness_887
71,Furniture_233
71,Kitchen_199
71,Laptop_295
71,Laptop_742
71,Mobile_177
71,Mobile_359
71,Mobile_360
71,Mobile_73
71,Outdoor_62
71,Shoes_119
71,Shoes_148
71,Shoes_407
71,Skincare_275
71,Skincare_521
71,Skincare_577
71,TV_371
71,TV_373
71,TV_426
70,Accessories_897
70,Audio_26
70,Audio_271
70,Audio_327
70,Audio_717
70,Audio_725
70,Clothing_688
70,Decor_831
70,Fiction_772
70,Fitness_447
70,Furniture_507
70,Furniture_69
70,Furniture_919
70,Kitchen_778
70,Laptop_268
70,Laptop_500
70,Laptop_701
70,Mobile_420
70,Mobile_427
70,Mobile_491
70,Mobile_510
70,Mobile_52
70,Mobile_974
70,Outdoor_120
70,Outdoor_241
70,Shoes_128
70,Shoes_289
70,Skincare_100
70,Skincare_136
70,TV_175
70,TV_178
70,TV_22
70,TV_520
70,TV_582
70,TV_909
70,TV_990
69,Accessories_107
69,Accessories_242
69,Accessories_304
69,Accessories_544
69,Audio_24
69,Audio_793
69,Audio_845
69,Clothing_27
69,Clothing_925
69,Cosmetics_174
69,Decor_23
69,Decor_667
69,Decor_997
69,Furniture_597
69,Kitchen_490
69,Laptop_72
69,Mobile_540
69,Mobile_598
69,Mobile_758
69,Mobile_998
69,Outdoor_724
69,Outdoor_872
69,Outdoor_981
69,Shoes_444
69,Shoes_77
69,Shoes_895
69,TV_497
69,TV_549
69,TV_55
69,TV_669
69,TV_681
69,TV_890
68,Accessories_152
68,Accessories_347
68,Accessories_694
68,Accessories_855
68,Accessories_907
68,Audio_163
68,Audio_637
68,Audio_776
68,Audio_795
68,Audio_900
68,Audio_934
68,Clothing_197
68,Clothing_71
68,Cosmetics_66
68,Education_752
68,Fitness_399
68,Fitness_812
68,Furniture_736
68,Kitchen_683
68,Laptop_141
68,Laptop_169
68,Laptop_614
68,Mobile_39
68,Mobile_434
68,Mobile_50
68,Mobile_553
68,Mobile_560
68,Mobile_595
68,Mobile_741
68,Mobile_946
68,Shoes_320
68,Shoes_350
68,Shoes_355
68,Shoes_569
68,Shoes_601
68,Shoes_613
68,Shoes_645
68,Shoes_862
68,Shoes_94
68,TV_11
67,Accessories_363
67,Accessories_442
67,Accessories_524
67,Accessories_767
67,Accessories_929
67,Accessories_98
67,Audio_125
67,Audio_227
67,Audio_523
67,Audio_765
67,Cosmetics_189
67,Cosmetics_205
67,Cosmetics_309
67,Cosmetics_984
67,Fiction_804
67,Fitness_292
67,Kitchen_342
67,Laptop_326
67,Laptop_388
67,Laptop_468
67,Laptop_788
67,Mobile_209
67,Mobile_428
67,Mobile_585
67,Mobile_787
67,Mobile_870
67,Shoes_12
67,Shoes_964
67,Skincare_324
67,Skincare_676
67,TV_276
67,TV_393
66,Accessories_310
66,Accessories_345
66,Accessories_453
66,Accessories_714
66,Audio_4
66,Audio_462
66,Audio_756
66,Clothing_317
66,Clothing_704
66,Clothing_917
66,Cosmetics_215
66,Cosmetics_806
66,Decor_774
66,Fitness_188
66,Laptop_146
66,Laptop_797
66,Laptop_86
66,Mobile_392
66,Mobile_486
66,Outdoor_539
66,Outdoor_937
66,Shoes_176
66,Shoes_210
66,Shoes_498
66,Shoes_958
66,Skincare_63
66,TV_117
65,Accessories_129
65,Accessories_848
65,Accessories_913
65,Audio_512
65,Audio_880
65,Audio_886
65,Cosmetics_846
65,Decor_604
65,Decor_615
65,Decor_800
65,Laptop_33
65,Laptop_336
65,Laptop_88
65,Mobile_236
65,Mobile_445
65,Mobile_466
65,Mobile_495
65,Mobile_599
65,Mobile_630
65,Mobile_766
65,Mobile_873
65,Shoes_54
65,Shoes_670
65,Shoes_985
65,Skincare_826
65,TV_574
65,TV_627
65,TV_992
64,Accessories_280
64,Audio_323
64,Clothing_738
64,Clothing_850
64,Clothing_982
64,Cosmetics_240
64,Cosmetics_556
64,Cosmetics_632
64,Cosmetics_923
64,Decor_938
64,Education_947
64,Kitchen_517
64,Kitchen_662
64,Laptop_316
64,Laptop_36
64,Laptop_485
64,Laptop_99
64,Mobile_346
64,Mobile_542
64,Shoes_843
64,Shoes_916
64,Skincare_332
64,Skincare_401
64,Skincare_950
64,TV_245
63,Accessories_460
63,Accessories_785
63,Accessories_794
63,Audio_248
63,Clothing_652
63,Clothing_720
63,Cosmetics_383
63,Decor_951
63,Fitness_202
63,Furniture_899
63,Laptop_172
63,Mobile_221
63,Mobile_620
63,Mobile_965
63,Outdoor_525
63,Shoes_48
63,TV_634
63,TV_867
62,Audio_610
62,Clothing_37
62,Clothing_918
62,Cosmetics_770
62,Decor_832
62,Education_994
62,Kitchen_749
62,Laptop_522
62,Laptop_945
62,Mobile_702
62,Shoes_912
61,Accessories_411
61,Audio_157
61,Audio_478
61,Clothing_515
61,Clothing_653
61,Cosmetics_47
61,Furniture_488
61,Kitchen_318
61,Kitchen_571
61,Laptop_746
61,Mobile_745
61,Skincare_433
60,Accessories_436
60,Audio_941
60,Decor_414
60,Education_971
60,Kitchen_431
60,Kitchen_487
60,Laptop_182
60,Laptop_307
60,Laptop_311
60,Laptop_532
60,Mobile_405
60,Outdoor_469
60,Shoes_173
60,Shoes_781
60,TV_58
59,Accessories_134
59,Audio_154
59,Clothing_65
59,Decor_715
59,Laptop_996
59,Mobile_449
59,Mobile_533
58,Accessories_552
58,Audio_123
58,Audio_882
58,Mobile_369
58,Shoes_358
58,Shoes_530
58,TV_143
57,Accessories_473
57,Accessories_891
57,Clothing_285
57,Cosmetics_164
57,Furniture_186
57,Laptop_396
57,Mobile_415
56,Furniture_103
56,Furniture_80
56,Kitchen_734
56,Mobile_564
55,Skincare_357
54,Shoes_639
53,Audio_976
53,Decor_31
53,Mobile_315
53,Shoes_551
53,Shoes_802
52,Mobile_341
52,Skincare_546
51,Audio_699
51,Fiction_75
51,Mobile_269
50,Clothing_29
50,Furniture_252
49,Kitchen_477
