seller_name,Count of order_id
Rana Group,428
Bhasin Inc,427
Seshadri Group,427
D’Alia Ltd,415
Solanki-Bhalla,413
Bajaj-Mitter,411
"Vig, Chokshi and Kari",411
Choudhry-Mitter,409
Dada Ltd,408
Chaudhary-Naik,407
Bhakta PLC,406
"Kanda, Mukherjee and Warrior",406
"Khosla, Saha and Chad",406
Konda-Sampath,404
"Chad, Bhalla and Vaidya",403
Dhar-Ravel,402
Pillay PLC,402
Purohit-Bains,402
Walla-Sabharwal,402
Chawla Inc,401
"Agrawal, Goda and Sarin",399
Raj-Bassi,399
"Sangha, Deep and Lal",399
"Chandra, Mane and Khosla",398
Bhattacharyya-Dutta,397
Parmar-Ben,397
Mistry PLC,396
Sagar LLC,396
Bali-Mander,395
Bhargava PLC,395
"Goel, Rau and Jaggi",395
Narasimhan and Sons,395
"Sankar, Murty and Vora",394
"Chacko, Bhatia and Kale",393
"Madan, Singh and D’Alia",393
Babu Group,392
Pall Ltd,392
Sodhi-Patla,392
Chaudry Inc,391
Goyal and Sons,390
"Jha, Sandhu and Soni",390
"Modi, Buch and Nagar",390
"Wagle, Mital and Dada",390
Dar Ltd,389
"Gandhi, Khurana and Bhardwaj",389
Bhatia PLC,388
Das and Sons,388
Kannan-Dixit,388
Oak-Behl,388
Rajagopal PLC,388
Savant Group,388
"Sehgal, Sankaran and Mitra",388
Bandi LLC,387
Sandal Inc,387
Chana-Rajan,386
"Gola, Vohra and Sharaf",386
Krish Inc,386
"Mody, Butala and Balakrishnan",386
Narayan Inc,386
"Sama, Handa and Purohit",386
Tailor-Baria,386
Talwar LLC,386
"Batta, Ganguly and Thaker",385
Chaudhry-Hegde,385
Ganesh-Prabhu,385
Kaul-Saxena,385
Palla and Sons,385
Andra Group,384
Korpal PLC,384
Maharaj Inc,384
Sule LLC,384
Borra Inc,383
Pandey-Som,383
Shan Ltd,383
Kalita-Padmanabhan,382
Chander Inc,381
Dutta Inc,381
Setty-Chakraborty,381
Agarwal-Hayer,380
Raj-Yogi,380
Soman-Chad,380
Mohan-Khalsa,379
"Sen, Lal and Divan",379
Buch Inc,378
"Chada, Vora and Uppal",378
Chokshi-Suresh,378
Dutta Group,378
"Hegde, Madan and Mahajan",378
Sule Ltd,378
Garde and Sons,377
Kari-Sahni,377
"Lall, Bal and Sathe",377
Chawla-Tandon,376
Chhabra-Edwin,376
"Gour, Pai and Sidhu",376
"Guha, Radhakrishnan and Kala",376
"Kant, Uppal and Dixit",376
Seth-Hari,376
Dara Ltd,375
"Dube, Bhagat and Kashyap",375
Reddy-Chana,375
Cherian-Dewan,374
Lad Inc,374
Mand-Roy,374
Manda-Sem,374
"Saran, Zachariah and Kulkarni",374
"Bassi, Rai and Golla",373
Chakrabarti PLC,373
Desai-Gole,373
Sen-Dhaliwal,373
"Ahluwalia, Sachdeva and Grover",372
Jani-Ramaswamy,372
Reddy LLC,372
Rout-Sampath,372
Wable-Pradhan,372
Bansal Group,371
Dhawan Ltd,371
"Sathe, Shere and Ghosh",371
Vohra-Chaudhary,371
Jayaraman and Sons,370
Kala-Vohra,370
Patil-Sachdeva,370
"Shah, Narula and Bhasin",370
Deol LLC,369
"Karan, Gulati and Ray",369
Om-Bhakta,369
Lall Inc,368
"Morar, Soni and Nazareth",368
Sengupta Ltd,368
Deshpande LLC,367
Halder Group,367
"Karan, Merchant and Zacharia",367
Nagarajan-Hora,367
Bala Group,366
"Brar, Tak and Vala",366
"Sarraf, Karnik and Balay",366
Sura-Gera,366
Bajaj-Bhardwaj,365
Minhas-Swaminathan,365
Uppal LLC,365
"Yadav, Kapadia and Chaudhuri",365
Chacko and Sons,364
Lad Ltd,364
"Mangat, Magar and Mukherjee",364
Murty-Bhat,364
Ratta Group,364
Bains Group,363
"Bora, Chaudhry and Prabhu",363
"Dugar, Tiwari and Verma",363
Saha PLC,363
"Som, Sarma and Ramanathan",363
Anand Group,362
Chacko Ltd,362
"Rajagopalan, Dada and Sanghvi",362
Basak PLC,361
Buch Inc,361
"Mani, Mani and Dhaliwal",361
Rout-Patel,361
Sandhu-Sant,361
Kari LLC,360
Samra and Sons,360
"Vig, Natt and Munshi",360
"Boase, Sule and Hans",359
"Rajagopalan, Rana and Aggarwal",359
Mann LLC,358
"Sinha, Shenoy and Vohra",358
"Dhillon, Bhakta and Bumb",357
Mahajan-Natarajan,357
Narayanan LLC,357
Seshadri Inc,357
Vora-Khurana,357
Purohit-Koshy,356
"Shenoy, Dada and Nagy",356
"Bail, Andra and Sibal",355
Gulati LLC,355
Edwin Ltd,354
Yohannan Group,354
Edwin Inc,353
Bal-Magar,352
Misra-Bava,352
"Seth, Sant and Sunder",352
Ghose LLC,349
Sahni-Pau,348
Nagy PLC,346
"Bhat, Bose and Dhar",345
Gopal LLC,345
"Chanda, Sridhar and Tata",343
Choudhary Inc,343
Hora-Sharma,343
"Tailor, Thaker and Saxena",343
Rout Group,342
"Chhabra, Datta and Kapadia",339
Karpe Ltd,339
Zachariah-Lanka,332
Bora-Bhardwaj,330
"Dutta, Saini and Lata",328
"Madan, Suresh and Dara",327
Wadhwa-Dhawan,327
"Bose, Kale and Pau",326
Shere-Chawla,325
