product_id,product_name,category,subcategory,brand,unit_price,cost_price
P00001,Laptop_1,Electronics,Laptop,Sony,90871.7,62784.23
P00002,Laptop_2,Electronics,Laptop,Philips,83800.78,60714.55
P00003,Kitchen_3,Home,Kitchen,Boat,54116.75,37588.65
P00004,Audio_4,Electronics,Audio,LG,1404.03,1006.95
P00005,Mobile_5,Electronics,Mobile,Sony,92668.23,64674.16
P00006,Shoes_6,Fashion,Shoes,LG,25395.34,20235.62
P00007,Shoes_7,Fashion,Shoes,Philips,23328.21,17338.99
P00008,Cosmetics_8,Beauty,Cosmetics,Samsung,18807.43,11629.47
P00009,Shoes_9,Fashion,Shoes,Boat,6341.66,4057.12
P00010,Audio_10,Electronics,Audio,Nike,45426.73,25578.53
P00011,TV_11,Electronics,TV,HP,96391.67,69673.43
P00012,Shoes_12,Fashion,Shoes,Philips,75253.35,50420.21
P00013,Shoes_13,Fashion,Shoes,Puma,69584.08,50983.74
P00014,Laptop_14,Electronics,Laptop,LG,44158.83,34261.92
P00015,Clothing_15,Fashion,Clothing,Apple,80044.12,63122.6
P00016,Audio_16,Electronics,Audio,Puma,32369.37,23672.48
P00017,Outdoor_17,Sports,Outdoor,Apple,95891.87,57772.11
P00018,Audio_18,Electronics,Audio,Samsung,30556.72,20307.56
P00019,Shoes_19,Fashion,Shoes,Samsung,96821.54,70981.4
P00020,Clothing_20,Fashion,Clothing,Dell,38581.67,24410.73
P00021,Laptop_21,Electronics,Laptop,Apple,85263.86,60741.53
P00022,TV_22,Electronics,TV,HP,76160.98,48191.02
P00023,Decor_23,Home,Decor,Apple,42890.19,31575.62
P00024,Audio_24,Electronics,Audio,Puma,65186.88,47993.61
P00025,Skincare_25,Beauty,Skincare,Dell,59359.55,34072.69
P00026,Audio_26,Electronics,Audio,Boat,45155.87,31443.26
P00027,Clothing_27,Fashion,Clothing,HP,46134.27,34898.8
P00028,TV_28,Electronics,TV,Boat,60550.36,35838.54
P00029,Clothing_29,Fashion,Clothing,Dell,34162.79,22220.66
P00030,Shoes_30,Fashion,Shoes,Nike,4820.66,3829.06
P00031,Decor_31,Home,Decor,LG,82438.29,54412.04
P00032,Mobile_32,Electronics,Mobile,Apple,11016.99,8561.95
P00033,Laptop_33,Electronics,Laptop,Philips,53252.88,30961.68
P00034,Clothing_34,Fashion,Clothing,Nike,1307.55,920.2
P00035,Furniture_35,Home,Furniture,LG,18814.35,14176.32
P00036,Laptop_36,Electronics,Laptop,LG,8710.79,5164.0
P00037,Clothing_37,Fashion,Clothing,Puma,16936.89,12001.26
P00038,Clothing_38,Fashion,Clothing,HP,89569.23,69925.53
P00039,Mobile_39,Electronics,Mobile,LG,48678.09,34904.93
P00040,Accessories_40,Fashion,Accessories,Samsung,78894.22,55540.83
P00041,Clothing_41,Fashion,Clothing,Boat,26463.03,18105.26
P00042,Decor_42,Home,Decor,Apple,34072.74,21107.07
P00043,Kitchen_43,Home,Kitchen,HP,1228.76,981.51
P00044,TV_44,Electronics,TV,Sony,27802.22,19366.17
P00045,TV_45,Electronics,TV,HP,26914.9,16720.67
P00046,Audio_46,Electronics,Audio,Samsung,20869.64,12605.79
P00047,Cosmetics_47,Beauty,Cosmetics,Apple,69984.56,39247.47
P00048,Shoes_48,Fashion,Shoes,Puma,42760.21,33529.56
P00049,TV_49,Electronics,TV,Dell,60911.9,46959.39
P00050,Mobile_50,Electronics,Mobile,Boat,36479.24,28443.17
P00051,Furniture_51,Home,Furniture,Samsung,2793.19,1940.12
P00052,Mobile_52,Electronics,Mobile,Apple,84708.72,58321.83
P00053,Fitness_53,Sports,Fitness,Philips,2275.13,1792.6
P00054,Shoes_54,Fashion,Shoes,HP,76522.46,45001.28
P00055,TV_55,Electronics,TV,Puma,52486.66,33934.37
P00056,Mobile_56,Electronics,Mobile,Sony,69275.9,51100.06
P00057,TV_57,Electronics,TV,Dell,68910.18,46484.65
P00058,TV_58,Electronics,TV,Sony,32271.47,18628.38
P00059,Clothing_59,Fashion,Clothing,Philips,85137.47,51829.81
P00060,TV_60,Electronics,TV,Boat,34851.75,24120.41
P00061,Furniture_61,Home,Furniture,Philips,99234.36,75774.08
P00062,Outdoor_62,Sports,Outdoor,Apple,46844.75,26585.87
P00063,Skincare_63,Beauty,Skincare,Puma,52706.45,41999.64
P00064,Laptop_64,Electronics,Laptop,Apple,91860.46,59037.16
P00065,Clothing_65,Fashion,Clothing,Puma,64668.63,37718.15
P00066,Cosmetics_66,Beauty,Cosmetics,Boat,8640.08,5600.8
P00067,TV_67,Electronics,TV,Philips,40093.9,23374.12
P00068,Kitchen_68,Home,Kitchen,HP,69560.51,53431.89
P00069,Furniture_69,Home,Furniture,HP,50855.58,37410.25
P00070,TV_70,Electronics,TV,HP,68930.42,41374.43
P00071,Clothing_71,Fashion,Clothing,LG,11589.57,8362.08
P00072,Laptop_72,Electronics,Laptop,Apple,71604.36,41015.42
P00073,Mobile_73,Electronics,Mobile,Philips,62299.21,49090.79
P00074,Mobile_74,Electronics,Mobile,Apple,48442.04,32749.73
P00075,Fiction_75,Books,Fiction,HP,35155.77,20104.33
P00076,TV_76,Electronics,TV,Philips,88204.03,62365.07
P00077,Shoes_77,Fashion,Shoes,Samsung,47268.31,29274.03
P00078,Fitness_78,Sports,Fitness,HP,22760.61,17358.62
P00079,Fitness_79,Sports,Fitness,Dell,74836.03,41231.39
P00080,Furniture_80,Home,Furniture,LG,78129.68,57475.77
P00081,Shoes_81,Fashion,Shoes,Nike,54944.78,42628.54
P00082,Clothing_82,Fashion,Clothing,HP,76664.38,59978.96
P00083,Skincare_83,Beauty,Skincare,HP,82346.63,53249.5
P00084,Clothing_84,Fashion,Clothing,Philips,34844.12,27626.75
P00085,Laptop_85,Electronics,Laptop,Nike,17529.79,13735.88
P00086,Laptop_86,Electronics,Laptop,Dell,33349.34,20715.46
P00087,Outdoor_87,Sports,Outdoor,Samsung,47335.75,32564.3
P00088,Laptop_88,Electronics,Laptop,Apple,31359.48,24444.31
P00089,Audio_89,Electronics,Audio,Puma,35447.5,23978.75
P00090,Shoes_90,Fashion,Shoes,Nike,61972.65,44820.61
P00091,TV_91,Electronics,TV,Apple,21919.36,17478.39
P00092,Fiction_92,Books,Fiction,Puma,62890.91,43753.85
P00093,Laptop_93,Electronics,Laptop,Samsung,80663.52,59244.27
P00094,Shoes_94,Fashion,Shoes,Philips,72078.78,41427.11
P00095,Fitness_95,Sports,Fitness,Puma,56031.26,42326.42
P00096,Laptop_96,Electronics,Laptop,Philips,45421.23,30923.83
P00097,Fitness_97,Sports,Fitness,Dell,99041.95,56422.21
P00098,Accessories_98,Fashion,Accessories,Philips,53984.27,33292.92
P00099,Laptop_99,Electronics,Laptop,Puma,20077.37,15492.23
P00100,Skincare_100,Beauty,Skincare,HP,3232.45,1781.12
P00101,Clothing_101,Fashion,Clothing,Apple,5998.99,3859.37
P00102,Mobile_102,Electronics,Mobile,Samsung,77625.35,56061.79
P00103,Furniture_103,Home,Furniture,Sony,76166.7,47567.5
P00104,TV_104,Electronics,TV,Dell,56727.08,39313.13
P00105,Audio_105,Electronics,Audio,Boat,59479.51,35430.14
P00106,Accessories_106,Fashion,Accessories,Puma,54579.22,36151.59
P00107,Accessories_107,Fashion,Accessories,Philips,38123.2,23315.43
P00108,Shoes_108,Fashion,Shoes,Puma,47945.89,37060.39
P00109,TV_109,Electronics,TV,Puma,16295.29,9158.53
P00110,TV_110,Electronics,TV,Apple,90935.0,57961.82
P00111,Accessories_111,Fashion,Accessories,HP,27049.42,21246.11
P00112,Laptop_112,Electronics,Laptop,Nike,52704.16,39159.1
P00113,Accessories_113,Fashion,Accessories,LG,52538.76,34799.25
P00114,Furniture_114,Home,Furniture,Puma,43698.12,33740.21
P00115,Laptop_115,Electronics,Laptop,HP,27303.15,16036.99
P00116,Clothing_116,Fashion,Clothing,LG,80044.19,63414.7
P00117,TV_117,Electronics,TV,Puma,35675.21,23489.74
P00118,Laptop_118,Electronics,Laptop,LG,1593.41,898.37
P00119,Shoes_119,Fashion,Shoes,LG,79502.3,53265.43
P00120,Outdoor_120,Sports,Outdoor,Boat,44937.94,32628.68
P00121,Mobile_121,Electronics,Mobile,Apple,54124.13,33471.01
P00122,Mobile_122,Electronics,Mobile,Sony,83789.67,62703.75
P00123,Audio_123,Electronics,Audio,Puma,57447.35,43749.36
P00124,Audio_124,Electronics,Audio,Apple,60859.26,44486.64
P00125,Audio_125,Electronics,Audio,Nike,18991.19,13763.41
P00126,Shoes_126,Fashion,Shoes,Sony,67107.86,42733.49
P00127,Skincare_127,Beauty,Skincare,Apple,8914.69,5206.23
P00128,Shoes_128,Fashion,Shoes,LG,90348.24,58586.59
P00129,Accessories_129,Fashion,Accessories,Apple,4104.45,2909.89
P00130,Kitchen_130,Home,Kitchen,Dell,97047.2,54712.08
P00131,Laptop_131,Electronics,Laptop,Puma,37885.72,24788.96
P00132,Fiction_132,Books,Fiction,Samsung,12568.85,8001.79
P00133,Clothing_133,Fashion,Clothing,Apple,59796.14,40864.22
P00134,Accessories_134,Fashion,Accessories,HP,48833.03,31800.49
P00135,Audio_135,Electronics,Audio,Apple,5191.03,3054.14
P00136,Skincare_136,Beauty,Skincare,Sony,30419.98,18474.88
P00137,TV_137,Electronics,TV,Puma,84278.11,57342.04
P00138,Clothing_138,Fashion,Clothing,Nike,73712.72,55597.6
P00139,Clothing_139,Fashion,Clothing,Boat,97581.24,63730.52
P00140,Accessories_140,Fashion,Accessories,Boat,37800.13,22961.76
P00141,Laptop_141,Electronics,Laptop,Philips,69831.6,39005.3
P00142,Clothing_142,Fashion,Clothing,Puma,14500.72,10744.61
P00143,TV_143,Electronics,TV,Samsung,31037.43,22907.59
P00144,Furniture_144,Home,Furniture,Nike,19502.68,15078.71
P00145,Shoes_145,Fashion,Shoes,Sony,27994.81,16694.6
P00146,Laptop_146,Electronics,Laptop,Apple,83763.09,55194.01
P00147,Laptop_147,Electronics,Laptop,Nike,50056.53,35622.35
P00148,Shoes_148,Fashion,Shoes,Puma,79436.73,54670.76
P00149,Cosmetics_149,Beauty,Cosmetics,Nike,78726.68,54293.54
P00150,Audio_150,Electronics,Audio,Philips,30310.4,23159.54
P00151,Clothing_151,Fashion,Clothing,Philips,76247.82,43673.47
P00152,Accessories_152,Fashion,Accessories,Nike,13545.73,9658.77
P00153,Mobile_153,Electronics,Mobile,Puma,72397.42,42625.47
P00154,Audio_154,Electronics,Audio,Apple,62137.52,37399.57
P00155,Skincare_155,Beauty,Skincare,Puma,30359.46,20365.37
P00156,Laptop_156,Electronics,Laptop,Puma,51515.21,32492.44
P00157,Audio_157,Electronics,Audio,HP,95446.86,56037.73
P00158,Education_158,Books,Education,LG,82997.33,64425.34
P00159,Laptop_159,Electronics,Laptop,Philips,38069.99,27678.52
P00160,Clothing_160,Fashion,Clothing,Dell,40672.71,32108.51
P00161,Laptop_161,Electronics,Laptop,Puma,80692.79,62562.73
P00162,Mobile_162,Electronics,Mobile,Samsung,51764.04,38702.78
P00163,Audio_163,Electronics,Audio,Samsung,68596.12,39050.03
P00164,Cosmetics_164,Beauty,Cosmetics,LG,81012.98,51242.62
P00165,Mobile_165,Electronics,Mobile,Puma,10612.08,6203.13
P00166,Laptop_166,Electronics,Laptop,HP,35450.88,21729.69
P00167,Audio_167,Electronics,Audio,Boat,11803.86,6784.29
P00168,TV_168,Electronics,TV,Philips,76273.54,41962.13
P00169,Laptop_169,Electronics,Laptop,Samsung,55371.75,35244.01
P00170,Decor_170,Home,Decor,Philips,46143.05,32090.73
P00171,Kitchen_171,Home,Kitchen,Samsung,62494.9,47530.95
P00172,Laptop_172,Electronics,Laptop,Apple,78368.61,62153.28
P00173,Shoes_173,Fashion,Shoes,LG,95310.38,55239.55
P00174,Cosmetics_174,Beauty,Cosmetics,Philips,34917.18,21814.25
P00175,TV_175,Electronics,TV,Boat,49804.25,27922.7
P00176,Shoes_176,Fashion,Shoes,Nike,34700.96,25795.34
P00177,Mobile_177,Electronics,Mobile,Sony,12965.44,9746.59
P00178,TV_178,Electronics,TV,Samsung,35626.51,19731.48
P00179,Clothing_179,Fashion,Clothing,Apple,8533.07,6373.68
P00180,Skincare_180,Beauty,Skincare,Philips,16472.6,11886.96
P00181,TV_181,Electronics,TV,Sony,48168.91,37449.03
P00182,Laptop_182,Electronics,Laptop,Nike,46963.36,32044.83
P00183,Education_183,Books,Education,Dell,68396.27,42648.46
P00184,TV_184,Electronics,TV,LG,98682.47,62548.42
P00185,Outdoor_185,Sports,Outdoor,Puma,69774.82,47196.77
P00186,Furniture_186,Home,Furniture,HP,42009.12,31863.67
P00187,Laptop_187,Electronics,Laptop,LG,47899.82,27774.27
P00188,Fitness_188,Sports,Fitness,Samsung,72928.71,53525.8
P00189,Cosmetics_189,Beauty,Cosmetics,Boat,5533.87,3348.94
P00190,Audio_190,Electronics,Audio,Nike,85071.04,67684.78
P00191,Decor_191,Home,Decor,Apple,42270.47,33015.24
P00192,Accessories_192,Fashion,Accessories,Nike,57342.79,42477.63
P00193,Mobile_193,Electronics,Mobile,HP,74445.2,57889.32
P00194,Shoes_194,Fashion,Shoes,Samsung,60820.85,43681.67
P00195,Laptop_195,Electronics,Laptop,LG,11456.43,7404.58
P00196,Decor_196,Home,Decor,Dell,75423.13,50909.74
P00197,Clothing_197,Fashion,Clothing,Apple,11267.1,6208.75
P00198,Clothing_198,Fashion,Clothing,Boat,11301.02,8055.14
P00199,Kitchen_199,Home,Kitchen,HP,25509.2,18940.46
P00200,Accessories_200,Fashion,Accessories,Philips,5672.7,4437.35
P00201,Shoes_201,Fashion,Shoes,Sony,56914.67,37081.05
P00202,Fitness_202,Sports,Fitness,Philips,504.12,321.54
P00203,Mobile_203,Electronics,Mobile,Dell,85393.53,55179.47
P00204,Laptop_204,Electronics,Laptop,HP,38704.18,22630.92
P00205,Cosmetics_205,Beauty,Cosmetics,Apple,87123.14,69310.91
P00206,TV_206,Electronics,TV,Dell,73161.44,43159.86
P00207,Accessories_207,Fashion,Accessories,Nike,51492.24,35461.0
P00208,TV_208,Electronics,TV,Puma,80981.41,51136.53
P00209,Mobile_209,Electronics,Mobile,Boat,82221.88,60156.42
P00210,Shoes_210,Fashion,Shoes,Samsung,9404.85,7229.93
P00211,Audio_211,Electronics,Audio,Dell,89582.39,57786.51
P00212,Laptop_212,Electronics,Laptop,LG,15964.3,12091.16
P00213,TV_213,Electronics,TV,LG,52187.14,29944.45
P00214,Clothing_214,Fashion,Clothing,Dell,53458.19,38854.03
P00215,Cosmetics_215,Beauty,Cosmetics,Sony,18133.33,11909.65
P00216,Clothing_216,Fashion,Clothing,Samsung,95486.26,56858.41
P00217,TV_217,Electronics,TV,Sony,75086.79,42633.71
P00218,Mobile_218,Electronics,Mobile,Philips,63051.32,45727.6
P00219,Accessories_219,Fashion,Accessories,HP,13539.73,9844.79
P00220,Accessories_220,Fashion,Accessories,HP,59460.92,40020.13
P00221,Mobile_221,Electronics,Mobile,Boat,88346.85,51617.83
P00222,Kitchen_222,Home,Kitchen,Samsung,58644.59,43568.01
P00223,Mobile_223,Electronics,Mobile,Samsung,24164.68,15995.46
P00224,Accessories_224,Fashion,Accessories,HP,38372.12,23500.58
P00225,TV_225,Electronics,TV,Nike,64131.41,51113.05
P00226,Audio_226,Electronics,Audio,Philips,34863.17,19979.56
P00227,Audio_227,Electronics,Audio,Boat,51579.67,37073.35
P00228,Kitchen_228,Home,Kitchen,Apple,54533.6,34224.27
P00229,Clothing_229,Fashion,Clothing,Nike,4605.47,3373.92
P00230,Clothing_230,Fashion,Clothing,LG,74228.47,51196.94
P00231,Audio_231,Electronics,Audio,Nike,85459.75,52147.62
P00232,Kitchen_232,Home,Kitchen,Nike,66160.65,50856.31
P00233,Furniture_233,Home,Furniture,Sony,92756.51,73438.51
P00234,Fitness_234,Sports,Fitness,Puma,27386.61,18227.07
P00235,Cosmetics_235,Beauty,Cosmetics,Boat,5578.25,4386.79
P00236,Mobile_236,Electronics,Mobile,Apple,84117.82,59718.64
P00237,Clothing_237,Fashion,Clothing,Nike,15307.22,9937.53
P00238,Furniture_238,Home,Furniture,Boat,56962.07,44584.97
P00239,Clothing_239,Fashion,Clothing,Puma,42989.93,25367.75
P00240,Cosmetics_240,Beauty,Cosmetics,LG,16790.0,10353.02
P00241,Outdoor_241,Sports,Outdoor,Dell,33251.57,25044.63
P00242,Accessories_242,Fashion,Accessories,Samsung,51944.77,38399.32
P00243,Mobile_243,Electronics,Mobile,Philips,14460.87,10084.18
P00244,Accessories_244,Fashion,Accessories,HP,24303.86,17205.06
P00245,TV_245,Electronics,TV,Samsung,52453.42,32890.16
P00246,Skincare_246,Beauty,Skincare,Samsung,65292.11,49792.82
P00247,Clothing_247,Fashion,Clothing,Philips,47417.2,31449.14
P00248,Audio_248,Electronics,Audio,LG,90876.88,65152.29
P00249,Outdoor_249,Sports,Outdoor,Dell,16590.32,12231.2
P00250,Accessories_250,Fashion,Accessories,Sony,56099.89,42763.0
P00251,Mobile_251,Electronics,Mobile,Sony,45203.02,27259.82
P00252,Furniture_252,Home,Furniture,Sony,76608.36,42517.52
P00253,TV_253,Electronics,TV,Boat,76195.97,56404.62
P00254,Shoes_254,Fashion,Shoes,Dell,69441.97,47064.05
P00255,Mobile_255,Electronics,Mobile,Samsung,12239.89,7635.07
P00256,Kitchen_256,Home,Kitchen,Apple,58399.07,37411.45
P00257,TV_257,Electronics,TV,Dell,60021.8,42058.31
P00258,Outdoor_258,Sports,Outdoor,Sony,76361.21,58557.7
P00259,Accessories_259,Fashion,Accessories,Samsung,96925.97,73841.42
P00260,TV_260,Electronics,TV,Apple,53585.25,34102.07
P00261,Laptop_261,Electronics,Laptop,LG,57237.29,40228.02
P00262,TV_262,Electronics,TV,LG,65694.53,51916.15
P00263,Laptop_263,Electronics,Laptop,HP,96291.06,57817.98
P00264,Shoes_264,Fashion,Shoes,Boat,37682.71,24788.66
P00265,Laptop_265,Electronics,Laptop,Nike,27700.99,16446.65
P00266,Laptop_266,Electronics,Laptop,Nike,11959.56,8419.63
P00267,Mobile_267,Electronics,Mobile,Boat,27664.37,15525.89
P00268,Laptop_268,Electronics,Laptop,Nike,81369.77,56353.91
P00269,Mobile_269,Electronics,Mobile,Sony,78834.43,52468.03
P00270,Furniture_270,Home,Furniture,Philips,39610.21,28608.4
P00271,Audio_271,Electronics,Audio,Boat,39897.66,27499.34
P00272,Clothing_272,Fashion,Clothing,Sony,74338.01,56868.02
P00273,Mobile_273,Electronics,Mobile,Samsung,7604.66,5939.46
P00274,Clothing_274,Fashion,Clothing,HP,85683.91,48486.71
P00275,Skincare_275,Beauty,Skincare,Boat,1250.25,720.11
P00276,TV_276,Electronics,TV,Apple,44790.92,29577.06
P00277,Accessories_277,Fashion,Accessories,Philips,85344.85,50543.2
P00278,Shoes_278,Fashion,Shoes,Boat,27543.08,19557.69
P00279,Skincare_279,Beauty,Skincare,LG,11063.43,8655.88
P00280,Accessories_280,Fashion,Accessories,Samsung,20626.17,16295.63
P00281,Clothing_281,Fashion,Clothing,Dell,95113.19,54319.72
P00282,Clothing_282,Fashion,Clothing,Puma,80304.87,49015.52
P00283,TV_283,Electronics,TV,Dell,86657.79,58769.42
P00284,Cosmetics_284,Beauty,Cosmetics,LG,10619.47,6762.19
P00285,Clothing_285,Fashion,Clothing,Nike,65538.53,41343.82
P00286,Decor_286,Home,Decor,Sony,45612.71,36443.74
P00287,Outdoor_287,Sports,Outdoor,Sony,53994.58,41641.35
P00288,Decor_288,Home,Decor,HP,28371.35,17415.25
P00289,Shoes_289,Fashion,Shoes,Apple,29518.31,20335.65
P00290,Audio_290,Electronics,Audio,Apple,47492.79,27319.14
P00291,TV_291,Electronics,TV,HP,26098.27,19858.91
P00292,Fitness_292,Sports,Fitness,Philips,43715.09,27000.27
P00293,Fitness_293,Sports,Fitness,Dell,39476.87,30955.74
P00294,Skincare_294,Beauty,Skincare,Sony,58533.1,34470.8
P00295,Laptop_295,Electronics,Laptop,Nike,47521.5,30695.71
P00296,Audio_296,Electronics,Audio,Apple,11488.54,8684.84
P00297,Fitness_297,Sports,Fitness,HP,50644.94,37408.67
P00298,TV_298,Electronics,TV,Dell,48071.33,37172.0
P00299,Skincare_299,Beauty,Skincare,Dell,39051.72,27541.9
P00300,TV_300,Electronics,TV,HP,7057.9,3935.82
P00301,Kitchen_301,Home,Kitchen,Boat,45755.23,26341.49
P00302,Clothing_302,Fashion,Clothing,HP,21098.19,13907.54
P00303,Kitchen_303,Home,Kitchen,Boat,7825.06,4689.93
P00304,Accessories_304,Fashion,Accessories,HP,88509.53,50547.51
P00305,Audio_305,Electronics,Audio,Dell,38495.56,24328.67
P00306,Clothing_306,Fashion,Clothing,Puma,26431.68,14717.97
P00307,Laptop_307,Electronics,Laptop,Nike,13772.22,9141.85
P00308,Mobile_308,Electronics,Mobile,HP,64752.05,37660.09
P00309,Cosmetics_309,Beauty,Cosmetics,HP,82068.66,47983.63
P00310,Accessories_310,Fashion,Accessories,HP,55441.37,43373.18
P00311,Laptop_311,Electronics,Laptop,Philips,31987.28,18316.99
P00312,Fiction_312,Books,Fiction,Apple,61997.03,43081.27
P00313,TV_313,Electronics,TV,Samsung,74388.41,46599.31
P00314,Audio_314,Electronics,Audio,Boat,33816.14,19232.93
P00315,Mobile_315,Electronics,Mobile,Sony,38048.02,26773.6
P00316,Laptop_316,Electronics,Laptop,Boat,42176.76,24674.26
P00317,Clothing_317,Fashion,Clothing,Apple,51533.16,37847.16
P00318,Kitchen_318,Home,Kitchen,Nike,78582.32,53327.05
P00319,Shoes_319,Fashion,Shoes,Nike,7041.86,4382.6
P00320,Shoes_320,Fashion,Shoes,Sony,9876.48,6129.31
P00321,Audio_321,Electronics,Audio,Sony,1831.0,1402.92
P00322,Mobile_322,Electronics,Mobile,Apple,27738.79,17211.01
P00323,Audio_323,Electronics,Audio,Puma,62129.54,43937.76
P00324,Skincare_324,Beauty,Skincare,HP,85535.58,47203.74
P00325,Audio_325,Electronics,Audio,Boat,45821.9,26692.88
P00326,Laptop_326,Electronics,Laptop,Puma,41510.86,26139.78
P00327,Audio_327,Electronics,Audio,Philips,15118.82,11408.53
P00328,Kitchen_328,Home,Kitchen,Sony,62352.82,35214.36
P00329,Accessories_329,Fashion,Accessories,Boat,87032.04,67652.89
P00330,TV_330,Electronics,TV,Samsung,13787.02,8942.33
P00331,Fitness_331,Sports,Fitness,Boat,4879.02,2938.67
P00332,Skincare_332,Beauty,Skincare,Boat,94123.37,52688.15
P00333,Fitness_333,Sports,Fitness,Boat,57103.24,33065.64
P00334,Mobile_334,Electronics,Mobile,HP,16694.52,12334.6
P00335,TV_335,Electronics,TV,Philips,28227.0,21142.72
P00336,Laptop_336,Electronics,Laptop,Puma,65041.93,38339.87
P00337,Cosmetics_337,Beauty,Cosmetics,Philips,58548.66,43408.41
P00338,Laptop_338,Electronics,Laptop,LG,81691.81,60256.5
P00339,Skincare_339,Beauty,Skincare,Samsung,98825.52,66460.99
P00340,Furniture_340,Home,Furniture,Philips,86427.67,57395.92
P00341,Mobile_341,Electronics,Mobile,Philips,56695.75,31245.27
P00342,Kitchen_342,Home,Kitchen,Dell,67420.99,48088.13
P00343,Accessories_343,Fashion,Accessories,Boat,81217.79,52575.88
P00344,Shoes_344,Fashion,Shoes,Apple,65593.44,40010.59
P00345,Accessories_345,Fashion,Accessories,Puma,9319.41,5969.01
P00346,Mobile_346,Electronics,Mobile,Dell,66100.38,44812.69
P00347,Accessories_347,Fashion,Accessories,Dell,22415.39,15305.89
P00348,Accessories_348,Fashion,Accessories,Dell,15144.55,10489.53
P00349,Laptop_349,Electronics,Laptop,HP,76776.2,56332.24
P00350,Shoes_350,Fashion,Shoes,Boat,89274.42,65140.74
P00351,Laptop_351,Electronics,Laptop,Sony,81482.27,53486.86
P00352,Mobile_352,Electronics,Mobile,Nike,76557.58,44111.44
P00353,Mobile_353,Electronics,Mobile,Samsung,73271.29,58215.33
P00354,Audio_354,Electronics,Audio,Philips,75409.19,49650.47
P00355,Shoes_355,Fashion,Shoes,Nike,60328.57,37479.19
P00356,Clothing_356,Fashion,Clothing,Apple,20337.8,11307.51
P00357,Skincare_357,Beauty,Skincare,Boat,70968.23,48977.12
P00358,Shoes_358,Fashion,Shoes,Sony,87842.5,58746.33
P00359,Mobile_359,Electronics,Mobile,LG,45752.45,26841.17
P00360,Mobile_360,Electronics,Mobile,HP,66246.29,40733.18
P00361,Mobile_361,Electronics,Mobile,Dell,18347.98,11587.5
P00362,Kitchen_362,Home,Kitchen,Dell,50597.31,33531.9
P00363,Accessories_363,Fashion,Accessories,Samsung,34534.8,23279.08
P00364,Clothing_364,Fashion,Clothing,Apple,98174.93,74012.68
P00365,Mobile_365,Electronics,Mobile,Dell,37223.09,27139.96
P00366,TV_366,Electronics,TV,Puma,25275.47,15924.92
P00367,Audio_367,Electronics,Audio,LG,71840.32,53569.71
P00368,Cosmetics_368,Beauty,Cosmetics,Apple,5437.79,3545.36
P00369,Mobile_369,Electronics,Mobile,Dell,74559.63,49729.22
P00370,Mobile_370,Electronics,Mobile,LG,70563.46,51866.25
P00371,TV_371,Electronics,TV,Dell,9545.3,6924.12
P00372,Mobile_372,Electronics,Mobile,Dell,20104.93,16075.96
P00373,TV_373,Electronics,TV,Nike,94843.99,74665.67
P00374,Shoes_374,Fashion,Shoes,Nike,19344.05,14773.88
P00375,Cosmetics_375,Beauty,Cosmetics,Dell,24708.64,17150.43
P00376,TV_376,Electronics,TV,Samsung,23269.84,14183.65
P00377,Clothing_377,Fashion,Clothing,Philips,39796.29,27299.45
P00378,Shoes_378,Fashion,Shoes,Nike,51351.46,32260.51
P00379,Cosmetics_379,Beauty,Cosmetics,Nike,71882.72,49230.76
P00380,Accessories_380,Fashion,Accessories,Sony,45733.03,28966.29
P00381,Outdoor_381,Sports,Outdoor,Dell,65190.9,46509.92
P00382,Mobile_382,Electronics,Mobile,Apple,37217.15,22720.68
P00383,Cosmetics_383,Beauty,Cosmetics,Philips,21873.78,16865.26
P00384,Clothing_384,Fashion,Clothing,Nike,4574.69,3190.05
P00385,Clothing_385,Fashion,Clothing,Apple,56582.55,44159.59
P00386,Mobile_386,Electronics,Mobile,HP,89553.35,54506.4
P00387,Accessories_387,Fashion,Accessories,Puma,93619.26,68628.66
P00388,Laptop_388,Electronics,Laptop,Dell,99788.49,66036.11
P00389,Fiction_389,Books,Fiction,Apple,70533.52,47144.3
P00390,Laptop_390,Electronics,Laptop,Dell,36206.97,25548.39
P00391,Skincare_391,Beauty,Skincare,Nike,78187.35,47910.45
P00392,Mobile_392,Electronics,Mobile,Apple,83898.15,53489.94
P00393,TV_393,Electronics,TV,Philips,74496.54,47059.74
P00394,Fitness_394,Sports,Fitness,Puma,68878.78,38866.11
P00395,Audio_395,Electronics,Audio,Boat,95187.96,68878.84
P00396,Laptop_396,Electronics,Laptop,Apple,52219.75,37405.83
P00397,Clothing_397,Fashion,Clothing,HP,86543.36,63340.41
P00398,Furniture_398,Home,Furniture,Nike,20622.0,11538.52
P00399,Fitness_399,Sports,Fitness,Nike,51325.02,29422.92
P00400,Clothing_400,Fashion,Clothing,Samsung,48767.2,31941.55
P00401,Skincare_401,Beauty,Skincare,Sony,5632.92,3791.68
P00402,Audio_402,Electronics,Audio,HP,99785.5,74218.83
P00403,TV_403,Electronics,TV,HP,24184.18,17944.6
P00404,Shoes_404,Fashion,Shoes,Philips,89625.37,70968.17
P00405,Mobile_405,Electronics,Mobile,Samsung,51856.18,41349.25
P00406,Clothing_406,Fashion,Clothing,Boat,69490.17,41936.08
P00407,Shoes_407,Fashion,Shoes,Apple,85464.7,62277.13
P00408,Shoes_408,Fashion,Shoes,Boat,44505.54,24709.76
P00409,Laptop_409,Electronics,Laptop,Boat,14248.81,10327.36
P00410,Accessories_410,Fashion,Accessories,Apple,69650.92,40549.82
P00411,Accessories_411,Fashion,Accessories,Sony,51992.32,36709.36
P00412,Laptop_412,Electronics,Laptop,Samsung,72317.79,41191.24
P00413,Cosmetics_413,Beauty,Cosmetics,Nike,85551.16,67210.35
P00414,Decor_414,Home,Decor,HP,91322.68,51312.69
P00415,Mobile_415,Electronics,Mobile,Sony,14861.82,9641.42
P00416,Audio_416,Electronics,Audio,Puma,31173.15,23238.77
P00417,Kitchen_417,Home,Kitchen,Apple,24702.7,14167.81
P00418,Education_418,Books,Education,LG,84413.5,64121.15
P00419,Furniture_419,Home,Furniture,Samsung,76192.16,46020.25
P00420,Mobile_420,Electronics,Mobile,Samsung,21251.04,15496.76
P00421,Audio_421,Electronics,Audio,Puma,38309.99,28195.44
P00422,Skincare_422,Beauty,Skincare,Puma,2821.53,1873.05
P00423,Outdoor_423,Sports,Outdoor,Samsung,64378.72,38910.62
P00424,Kitchen_424,Home,Kitchen,Nike,50671.72,31496.23
P00425,Audio_425,Electronics,Audio,Nike,30874.56,18910.96
P00426,TV_426,Electronics,TV,Puma,22453.33,16691.39
P00427,Mobile_427,Electronics,Mobile,Nike,31099.41,22195.11
P00428,Mobile_428,Electronics,Mobile,Boat,96447.11,74421.21
P00429,Mobile_429,Electronics,Mobile,Puma,40131.06,29611.02
P00430,Outdoor_430,Sports,Outdoor,Puma,36790.92,24456.0
P00431,Kitchen_431,Home,Kitchen,HP,80796.6,47935.96
P00432,Mobile_432,Electronics,Mobile,Samsung,77417.31,58568.9
P00433,Skincare_433,Beauty,Skincare,LG,16689.59,10131.13
P00434,Mobile_434,Electronics,Mobile,HP,91984.85,56663.95
P00435,Skincare_435,Beauty,Skincare,Dell,57343.62,39551.23
P00436,Accessories_436,Fashion,Accessories,LG,5601.26,3200.05
P00437,Furniture_437,Home,Furniture,Nike,89224.35,70672.08
P00438,Shoes_438,Fashion,Shoes,Puma,12061.2,7295.35
P00439,Accessories_439,Fashion,Accessories,Nike,69556.33,45880.96
P00440,Cosmetics_440,Beauty,Cosmetics,Boat,37154.44,29431.42
P00441,TV_441,Electronics,TV,LG,22330.73,16349.27
P00442,Accessories_442,Fashion,Accessories,Puma,79103.76,59967.76
P00443,Decor_443,Home,Decor,Boat,27287.79,20608.17
P00444,Shoes_444,Fashion,Shoes,Nike,11436.46,6678.65
P00445,Mobile_445,Electronics,Mobile,Boat,92810.48,69582.57
P00446,Mobile_446,Electronics,Mobile,Boat,35160.65,22292.79
P00447,Fitness_447,Sports,Fitness,Puma,52152.96,39587.87
P00448,Clothing_448,Fashion,Clothing,Sony,61721.87,34935.18
P00449,Mobile_449,Electronics,Mobile,Apple,19156.59,14170.07
P00450,Clothing_450,Fashion,Clothing,Samsung,4864.59,2897.4
P00451,Cosmetics_451,Beauty,Cosmetics,Samsung,32848.1,24652.47
P00452,TV_452,Electronics,TV,Philips,21999.62,16323.67
P00453,Accessories_453,Fashion,Accessories,Puma,97474.43,59539.94
P00454,Laptop_454,Electronics,Laptop,LG,41305.77,32755.66
P00455,Mobile_455,Electronics,Mobile,Nike,64241.87,36271.41
P00456,Mobile_456,Electronics,Mobile,Apple,34897.09,26227.4
P00457,Laptop_457,Electronics,Laptop,Dell,35284.24,21709.34
P00458,Shoes_458,Fashion,Shoes,Puma,12453.21,6976.29
P00459,Laptop_459,Electronics,Laptop,Puma,93145.1,65600.86
P00460,Accessories_460,Fashion,Accessories,Philips,90609.36,60210.42
P00461,Fitness_461,Sports,Fitness,Philips,62411.21,46267.46
P00462,Audio_462,Electronics,Audio,Dell,35402.04,23814.7
P00463,Laptop_463,Electronics,Laptop,LG,97132.13,59000.38
P00464,Accessories_464,Fashion,Accessories,Nike,99244.62,70947.46
P00465,Laptop_465,Electronics,Laptop,Puma,13067.11,8837.59
P00466,Mobile_466,Electronics,Mobile,Puma,94795.53,66942.07
P00467,Mobile_467,Electronics,Mobile,Puma,74794.7,49866.62
P00468,Laptop_468,Electronics,Laptop,HP,35205.51,22917.83
P00469,Outdoor_469,Sports,Outdoor,Boat,36557.71,20137.17
P00470,Shoes_470,Fashion,Shoes,LG,70395.77,48173.19
P00471,Mobile_471,Electronics,Mobile,Samsung,15505.67,11074.13
P00472,Decor_472,Home,Decor,Dell,69446.42,49796.78
P00473,Accessories_473,Fashion,Accessories,Philips,56313.4,35555.89
P00474,Cosmetics_474,Beauty,Cosmetics,Sony,55292.07,39505.27
P00475,Laptop_475,Electronics,Laptop,Apple,30074.02,19340.16
P00476,Shoes_476,Fashion,Shoes,LG,34833.03,19794.52
P00477,Kitchen_477,Home,Kitchen,Puma,28604.15,16462.2
P00478,Audio_478,Electronics,Audio,LG,23972.31,14591.02
P00479,TV_479,Electronics,TV,Philips,56114.23,35690.54
P00480,Shoes_480,Fashion,Shoes,LG,40570.67,22815.61
P00481,TV_481,Electronics,TV,Boat,34672.96,24662.13
P00482,Skincare_482,Beauty,Skincare,Dell,23051.14,16574.04
P00483,Laptop_483,Electronics,Laptop,Boat,97701.05,74041.6
P00484,Mobile_484,Electronics,Mobile,Nike,42405.46,33836.05
P00485,Laptop_485,Electronics,Laptop,Samsung,847.46,653.62
P00486,Mobile_486,Electronics,Mobile,Philips,23885.47,15220.82
P00487,Kitchen_487,Home,Kitchen,HP,8990.68,5837.05
P00488,Furniture_488,Home,Furniture,LG,98112.71,78108.17
P00489,Clothing_489,Fashion,Clothing,Boat,54837.75,34557.18
P00490,Kitchen_490,Home,Kitchen,Boat,47812.39,29999.45
P00491,Mobile_491,Electronics,Mobile,Nike,29059.04,16014.61
P00492,Mobile_492,Electronics,Mobile,Dell,59879.17,42863.65
P00493,Laptop_493,Electronics,Laptop,Sony,9868.3,7032.3
P00494,Cosmetics_494,Beauty,Cosmetics,Nike,53466.62,35352.41
P00495,Mobile_495,Electronics,Mobile,Dell,2125.03,1656.57
P00496,Shoes_496,Fashion,Shoes,Puma,95972.02,58207.12
P00497,TV_497,Electronics,TV,Apple,53900.62,30282.57
P00498,Shoes_498,Fashion,Shoes,Apple,68606.89,42163.7
P00499,Furniture_499,Home,Furniture,HP,21526.21,14279.02
P00500,Laptop_500,Electronics,Laptop,Sony,72475.79,43713.77
P00501,Furniture_501,Home,Furniture,Samsung,29572.31,16881.26
P00502,Mobile_502,Electronics,Mobile,Sony,14627.78,9988.88
P00503,Laptop_503,Electronics,Laptop,Sony,26610.37,18218.88
P00504,Cosmetics_504,Beauty,Cosmetics,Sony,73356.17,42911.22
P00505,Audio_505,Electronics,Audio,LG,45814.18,34607.84
P00506,Fitness_506,Sports,Fitness,Dell,29220.35,20596.1
P00507,Furniture_507,Home,Furniture,Philips,52816.19,39940.71
P00508,Audio_508,Electronics,Audio,Dell,89116.64,56613.49
P00509,Outdoor_509,Sports,Outdoor,HP,93029.82,55279.0
P00510,Mobile_510,Electronics,Mobile,Sony,77206.76,59633.14
P00511,Shoes_511,Fashion,Shoes,Apple,3726.51,2142.63
P00512,Audio_512,Electronics,Audio,HP,60645.56,44427.06
P00513,Audio_513,Electronics,Audio,Sony,94748.24,68555.98
P00514,Laptop_514,Electronics,Laptop,LG,75091.63,53136.14
P00515,Clothing_515,Fashion,Clothing,Samsung,83627.74,59771.3
P00516,Laptop_516,Electronics,Laptop,Nike,23956.15,18209.15
P00517,Kitchen_517,Home,Kitchen,LG,26840.58,19653.33
P00518,TV_518,Electronics,TV,Boat,49460.14,31542.33
P00519,Outdoor_519,Sports,Outdoor,HP,95848.19,60865.16
P00520,TV_520,Electronics,TV,Philips,78222.34,52312.52
P00521,Skincare_521,Beauty,Skincare,HP,19215.0,13881.06
P00522,Laptop_522,Electronics,Laptop,Sony,97204.41,63555.04
P00523,Audio_523,Electronics,Audio,Philips,53982.65,34464.25
P00524,Accessories_524,Fashion,Accessories,Sony,78647.46,50810.81
P00525,Outdoor_525,Sports,Outdoor,Apple,97374.41,65474.84
P00526,Kitchen_526,Home,Kitchen,Samsung,29943.87,20094.47
P00527,Clothing_527,Fashion,Clothing,Puma,81095.53,49540.47
P00528,Cosmetics_528,Beauty,Cosmetics,Boat,90035.8,54057.78
P00529,Laptop_529,Electronics,Laptop,Dell,61947.35,40607.53
P00530,Shoes_530,Fashion,Shoes,Sony,50004.73,37272.25
P00531,Audio_531,Electronics,Audio,Boat,15870.54,9410.5
P00532,Laptop_532,Electronics,Laptop,Boat,23142.21,17277.79
P00533,Mobile_533,Electronics,Mobile,Nike,24842.34,18347.52
P00534,Audio_534,Electronics,Audio,Philips,62495.89,46692.25
P00535,Decor_535,Home,Decor,Dell,99153.34,60424.08
P00536,TV_536,Electronics,TV,Samsung,9673.35,6586.84
P00537,Shoes_537,Fashion,Shoes,Puma,20623.66,12248.55
P00538,Accessories_538,Fashion,Accessories,Apple,25022.79,19453.92
P00539,Outdoor_539,Sports,Outdoor,Sony,72202.21,49043.57
P00540,Mobile_540,Electronics,Mobile,Dell,35321.34,20014.52
P00541,Laptop_541,Electronics,Laptop,Nike,68197.32,44087.7
P00542,Mobile_542,Electronics,Mobile,Apple,40349.88,29286.55
P00543,Audio_543,Electronics,Audio,Nike,47180.48,32520.97
P00544,Accessories_544,Fashion,Accessories,Philips,35785.59,23849.86
P00545,Laptop_545,Electronics,Laptop,LG,23056.16,15871.98
P00546,Skincare_546,Beauty,Skincare,Nike,93099.46,57518.44
P00547,Accessories_547,Fashion,Accessories,HP,55725.9,39861.37
P00548,Audio_548,Electronics,Audio,Puma,50909.06,30577.0
P00549,TV_549,Electronics,TV,LG,77552.98,60725.09
P00550,Cosmetics_550,Beauty,Cosmetics,HP,10571.2,8061.78
P00551,Shoes_551,Fashion,Shoes,Apple,52530.13,39157.96
P00552,Accessories_552,Fashion,Accessories,HP,52830.79,38394.0
P00553,Mobile_553,Electronics,Mobile,Boat,21971.59,17174.58
P00554,Education_554,Books,Education,Sony,81237.75,51745.66
P00555,TV_555,Electronics,TV,Apple,40028.6,22105.02
P00556,Cosmetics_556,Beauty,Cosmetics,Boat,89905.31,59637.45
P00557,Audio_557,Electronics,Audio,Dell,98226.42,59059.89
P00558,Decor_558,Home,Decor,Sony,46549.8,35006.21
P00559,Shoes_559,Fashion,Shoes,Boat,85852.64,56636.83
P00560,Mobile_560,Electronics,Mobile,Nike,9103.23,6348.63
P00561,Audio_561,Electronics,Audio,Sony,72787.48,56358.03
P00562,Shoes_562,Fashion,Shoes,Nike,58435.1,34834.69
P00563,Cosmetics_563,Beauty,Cosmetics,Boat,93158.59,54985.46
P00564,Mobile_564,Electronics,Mobile,Nike,98359.1,67988.57
P00565,Cosmetics_565,Beauty,Cosmetics,Samsung,12552.33,7989.37
P00566,Mobile_566,Electronics,Mobile,Samsung,20508.82,14300.82
P00567,Audio_567,Electronics,Audio,HP,9328.44,7292.57
P00568,Laptop_568,Electronics,Laptop,Nike,68835.59,43330.42
P00569,Shoes_569,Fashion,Shoes,Boat,88075.28,70327.68
P00570,Clothing_570,Fashion,Clothing,LG,22166.45,15460.83
P00571,Kitchen_571,Home,Kitchen,LG,41044.46,28839.2
P00572,Accessories_572,Fashion,Accessories,Puma,73011.4,52060.27
P00573,Kitchen_573,Home,Kitchen,Dell,55326.01,40770.0
P00574,TV_574,Electronics,TV,HP,6746.19,5196.7
P00575,Decor_575,Home,Decor,Boat,38907.92,21673.03
P00576,Furniture_576,Home,Furniture,HP,2507.34,1737.22
P00577,Skincare_577,Beauty,Skincare,Apple,6033.34,3458.92
P00578,Shoes_578,Fashion,Shoes,Nike,79161.48,52614.93
P00579,Mobile_579,Electronics,Mobile,Nike,97695.49,66464.85
P00580,Mobile_580,Electronics,Mobile,Dell,66062.86,41097.32
P00581,Laptop_581,Electronics,Laptop,Dell,82326.1,52955.19
P00582,TV_582,Electronics,TV,Samsung,11066.66,7185.97
P00583,Outdoor_583,Sports,Outdoor,Dell,52220.79,38590.03
P00584,TV_584,Electronics,TV,LG,41967.12,28422.87
P00585,Mobile_585,Electronics,Mobile,Sony,18129.48,13045.07
P00586,Education_586,Books,Education,Sony,15615.95,8830.51
P00587,Accessories_587,Fashion,Accessories,HP,44040.63,29438.01
P00588,Accessories_588,Fashion,Accessories,Samsung,13730.0,10568.25
P00589,TV_589,Electronics,TV,Sony,96116.85,69518.16
P00590,Fiction_590,Books,Fiction,Apple,40726.55,23545.53
P00591,Cosmetics_591,Beauty,Cosmetics,LG,2507.7,1390.95
P00592,Laptop_592,Electronics,Laptop,Dell,31630.28,19377.98
P00593,Audio_593,Electronics,Audio,Apple,58603.5,41901.98
P00594,Accessories_594,Fashion,Accessories,LG,6049.63,3790.05
P00595,Mobile_595,Electronics,Mobile,Samsung,30132.98,23392.02
P00596,Outdoor_596,Sports,Outdoor,LG,91149.24,51577.04
P00597,Furniture_597,Home,Furniture,Boat,92584.21,63576.04
P00598,Mobile_598,Electronics,Mobile,Apple,87957.36,61944.07
P00599,Mobile_599,Electronics,Mobile,Nike,13090.86,9577.16
P00600,Kitchen_600,Home,Kitchen,LG,8265.79,5205.85
P00601,Shoes_601,Fashion,Shoes,HP,88179.29,63763.05
P00602,Mobile_602,Electronics,Mobile,Boat,74796.29,58746.93
P00603,Cosmetics_603,Beauty,Cosmetics,Boat,70592.36,43781.43
P00604,Decor_604,Home,Decor,Boat,31784.95,21639.55
P00605,Shoes_605,Fashion,Shoes,Samsung,88532.82,53372.97
P00606,Accessories_606,Fashion,Accessories,HP,41670.75,27231.41
P00607,Decor_607,Home,Decor,Boat,27871.4,15706.92
P00608,Furniture_608,Home,Furniture,Sony,41776.87,23163.37
P00609,Laptop_609,Electronics,Laptop,Samsung,72664.95,41258.2
P00610,Audio_610,Electronics,Audio,Philips,56696.28,33457.24
P00611,TV_611,Electronics,TV,Boat,46890.17,28289.9
P00612,Laptop_612,Electronics,Laptop,Apple,62079.36,48769.51
P00613,Shoes_613,Fashion,Shoes,Philips,55607.81,43931.22
P00614,Laptop_614,Electronics,Laptop,Puma,10135.2,6492.22
P00615,Decor_615,Home,Decor,Samsung,55682.13,44197.76
P00616,Audio_616,Electronics,Audio,Apple,23045.99,13177.9
P00617,Accessories_617,Fashion,Accessories,Sony,51795.44,29899.02
P00618,TV_618,Electronics,TV,Boat,72447.51,45643.49
P00619,TV_619,Electronics,TV,Dell,86330.31,63724.89
P00620,Mobile_620,Electronics,Mobile,Samsung,86612.39,68613.56
P00621,Shoes_621,Fashion,Shoes,HP,59563.9,46969.79
P00622,Furniture_622,Home,Furniture,Dell,89295.89,70787.55
P00623,Cosmetics_623,Beauty,Cosmetics,Nike,74432.12,53960.82
P00624,Mobile_624,Electronics,Mobile,Sony,28714.77,21041.95
P00625,Accessories_625,Fashion,Accessories,Puma,50043.61,30091.31
P00626,Mobile_626,Electronics,Mobile,Puma,55733.43,35750.56
P00627,TV_627,Electronics,TV,Philips,13872.0,10083.32
P00628,Furniture_628,Home,Furniture,Samsung,76377.87,50500.23
P00629,Shoes_629,Fashion,Shoes,Dell,60084.3,39357.94
P00630,Mobile_630,Electronics,Mobile,Puma,94628.05,70304.1
P00631,Laptop_631,Electronics,Laptop,Samsung,43030.02,27677.97
P00632,Cosmetics_632,Beauty,Cosmetics,Philips,25555.94,15955.15
P00633,Audio_633,Electronics,Audio,HP,98160.18,61361.79
P00634,TV_634,Electronics,TV,Boat,88107.1,67806.96
P00635,Furniture_635,Home,Furniture,Apple,60127.58,40620.03
P00636,Laptop_636,Electronics,Laptop,LG,51163.23,35354.37
P00637,Audio_637,Electronics,Audio,Dell,78345.37,52317.06
P00638,Accessories_638,Fashion,Accessories,Apple,80506.67,58156.01
P00639,Shoes_639,Fashion,Shoes,Puma,55181.24,38165.18
P00640,Skincare_640,Beauty,Skincare,Sony,8125.19,4814.78
P00641,Clothing_641,Fashion,Clothing,Samsung,80253.44,56560.53
P00642,Clothing_642,Fashion,Clothing,Philips,87658.88,58724.81
P00643,Outdoor_643,Sports,Outdoor,Philips,74523.58,52096.14
P00644,Clothing_644,Fashion,Clothing,Philips,98177.46,60372.0
P00645,Shoes_645,Fashion,Shoes,Dell,88957.5,56400.68
P00646,Fiction_646,Books,Fiction,Nike,36277.19,24795.33
P00647,TV_647,Electronics,TV,Samsung,92492.04,60110.92
P00648,Cosmetics_648,Beauty,Cosmetics,Boat,64177.45,38809.96
P00649,Mobile_649,Electronics,Mobile,Philips,6752.41,5170.86
P00650,Kitchen_650,Home,Kitchen,LG,64149.07,39835.56
P00651,Clothing_651,Fashion,Clothing,Sony,94272.75,52850.81
P00652,Clothing_652,Fashion,Clothing,HP,76441.04,59603.98
P00653,Clothing_653,Fashion,Clothing,Apple,12564.75,9829.74
P00654,Accessories_654,Fashion,Accessories,HP,71680.41,39777.25
P00655,Shoes_655,Fashion,Shoes,Puma,83720.82,47358.24
P00656,Mobile_656,Electronics,Mobile,LG,93776.09,53397.94
P00657,Clothing_657,Fashion,Clothing,Apple,57486.56,44468.86
P00658,Decor_658,Home,Decor,Sony,34279.08,20490.42
P00659,Laptop_659,Electronics,Laptop,HP,62121.01,41910.71
P00660,TV_660,Electronics,TV,Nike,83525.15,47421.91
P00661,Kitchen_661,Home,Kitchen,Apple,4505.65,2705.06
P00662,Kitchen_662,Home,Kitchen,Boat,82364.54,51105.09
P00663,Mobile_663,Electronics,Mobile,Philips,9468.59,5788.38
P00664,Shoes_664,Fashion,Shoes,Boat,93017.24,55646.78
P00665,Clothing_665,Fashion,Clothing,Dell,72222.17,55045.66
P00666,Accessories_666,Fashion,Accessories,HP,30936.34,20497.03
P00667,Decor_667,Home,Decor,Sony,54851.51,30676.91
P00668,Mobile_668,Electronics,Mobile,HP,38524.45,25163.36
P00669,TV_669,Electronics,TV,LG,42956.66,30199.98
P00670,Shoes_670,Fashion,Shoes,Apple,56064.01,42365.13
P00671,Shoes_671,Fashion,Shoes,HP,63693.85,36669.02
P00672,Clothing_672,Fashion,Clothing,Boat,78550.4,48571.76
P00673,Laptop_673,Electronics,Laptop,Nike,60326.0,33764.34
P00674,Mobile_674,Electronics,Mobile,LG,96208.6,54874.81
P00675,Skincare_675,Beauty,Skincare,LG,73648.33,50061.58
P00676,Skincare_676,Beauty,Skincare,Philips,96657.97,53254.83
P00677,Laptop_677,Electronics,Laptop,Dell,26049.53,18480.37
P00678,Laptop_678,Electronics,Laptop,Nike,98283.41,69238.52
P00679,Fitness_679,Sports,Fitness,Apple,24952.48,14258.97
P00680,Clothing_680,Fashion,Clothing,LG,65515.8,39764.53
P00681,TV_681,Electronics,TV,Nike,28115.59,16919.22
P00682,Audio_682,Electronics,Audio,Boat,94285.91,73275.47
P00683,Kitchen_683,Home,Kitchen,Sony,37922.22,26849.33
P00684,Mobile_684,Electronics,Mobile,Puma,8381.44,5579.11
P00685,Audio_685,Electronics,Audio,Boat,50287.18,32054.32
P00686,Laptop_686,Electronics,Laptop,Puma,89074.57,51508.44
P00687,Accessories_687,Fashion,Accessories,Nike,66528.2,38227.08
P00688,Clothing_688,Fashion,Clothing,Puma,71067.44,54944.82
P00689,Audio_689,Electronics,Audio,Boat,74285.32,47245.81
P00690,Clothing_690,Fashion,Clothing,LG,53745.91,35320.32
P00691,Furniture_691,Home,Furniture,Apple,18221.13,10541.88
P00692,Audio_692,Electronics,Audio,LG,30409.52,18310.89
P00693,Audio_693,Electronics,Audio,Sony,82161.97,50102.45
P00694,Accessories_694,Fashion,Accessories,Nike,38137.37,21223.89
P00695,Skincare_695,Beauty,Skincare,Philips,15162.26,10601.85
P00696,Laptop_696,Electronics,Laptop,Dell,748.73,576.69
P00697,Laptop_697,Electronics,Laptop,Samsung,5078.19,4041.32
P00698,Laptop_698,Electronics,Laptop,Samsung,2928.94,2184.55
P00699,Audio_699,Electronics,Audio,Philips,8881.29,6112.69
P00700,Decor_700,Home,Decor,Puma,77924.77,50717.54
P00701,Laptop_701,Electronics,Laptop,Nike,40282.46,22670.28
P00702,Mobile_702,Electronics,Mobile,Nike,83631.02,64456.64
P00703,TV_703,Electronics,TV,Boat,91490.25,56719.1
P00704,Clothing_704,Fashion,Clothing,Boat,38242.2,23075.66
P00705,Decor_705,Home,Decor,Apple,47050.38,35669.17
P00706,TV_706,Electronics,TV,Dell,9248.14,5394.9
P00707,Decor_707,Home,Decor,Boat,50685.7,39480.4
P00708,Accessories_708,Fashion,Accessories,Dell,91485.9,62962.9
P00709,Shoes_709,Fashion,Shoes,Philips,16207.16,12091.91
P00710,TV_710,Electronics,TV,HP,4921.72,3382.93
P00711,TV_711,Electronics,TV,Dell,34576.87,24585.45
P00712,Fiction_712,Books,Fiction,Sony,29600.41,17500.42
P00713,Cosmetics_713,Beauty,Cosmetics,Boat,67009.87,45494.84
P00714,Accessories_714,Fashion,Accessories,Boat,43097.87,33969.69
P00715,Decor_715,Home,Decor,Puma,10490.72,7064.72
P00716,Clothing_716,Fashion,Clothing,Philips,69211.75,45118.52
P00717,Audio_717,Electronics,Audio,Samsung,91188.69,72245.07
P00718,Audio_718,Electronics,Audio,Nike,85180.52,66738.92
P00719,Outdoor_719,Sports,Outdoor,Apple,11604.57,8669.94
P00720,Clothing_720,Fashion,Clothing,Apple,72500.08,47205.78
P00721,Fiction_721,Books,Fiction,HP,33251.03,22973.19
P00722,Laptop_722,Electronics,Laptop,Dell,8207.02,5589.52
P00723,Mobile_723,Electronics,Mobile,Samsung,40478.01,25102.82
P00724,Outdoor_724,Sports,Outdoor,HP,18603.06,11079.01
P00725,Audio_725,Electronics,Audio,Sony,91810.67,58954.02
P00726,Mobile_726,Electronics,Mobile,Puma,10507.71,7335.27
P00727,Cosmetics_727,Beauty,Cosmetics,Nike,12698.51,9049.9
P00728,Audio_728,Electronics,Audio,Dell,98640.45,74068.95
P00729,Accessories_729,Fashion,Accessories,Dell,74050.98,57334.71
P00730,Clothing_730,Fashion,Clothing,Boat,61139.71,35522.31
P00731,Laptop_731,Electronics,Laptop,Nike,14578.56,10686.54
P00732,Laptop_732,Electronics,Laptop,HP,72191.8,55863.42
P00733,TV_733,Electronics,TV,Philips,91308.46,56951.48
P00734,Kitchen_734,Home,Kitchen,Dell,7729.94,4618.02
P00735,Kitchen_735,Home,Kitchen,Dell,70697.37,40506.18
P00736,Furniture_736,Home,Furniture,Samsung,540.65,303.98
P00737,Mobile_737,Electronics,Mobile,Sony,65354.34,43228.97
P00738,Clothing_738,Fashion,Clothing,Philips,6464.43,4182.99
P00739,Shoes_739,Fashion,Shoes,HP,2463.9,1471.75
P00740,Audio_740,Electronics,Audio,HP,7772.72,6067.21
P00741,Mobile_741,Electronics,Mobile,Samsung,55642.58,39493.27
P00742,Laptop_742,Electronics,Laptop,Sony,11627.32,6848.43
P00743,Skincare_743,Beauty,Skincare,Samsung,39191.84,22391.64
P00744,Cosmetics_744,Beauty,Cosmetics,Puma,66513.51,45852.17
P00745,Mobile_745,Electronics,Mobile,Nike,52016.89,40151.0
P00746,Laptop_746,Electronics,Laptop,Boat,54037.99,31772.48
P00747,TV_747,Electronics,TV,Sony,98694.33,71727.9
P00748,Kitchen_748,Home,Kitchen,Philips,11185.59,8702.84
P00749,Kitchen_749,Home,Kitchen,HP,43718.24,31821.14
P00750,Audio_750,Electronics,Audio,Puma,42008.22,29609.67
P00751,Mobile_751,Electronics,Mobile,Sony,9813.96,6729.48
P00752,Education_752,Books,Education,Nike,58626.06,46837.77
P00753,Mobile_753,Electronics,Mobile,HP,77579.83,45404.33
P00754,Skincare_754,Beauty,Skincare,Sony,35208.93,21241.5
P00755,Clothing_755,Fashion,Clothing,Nike,43106.62,25792.61
P00756,Audio_756,Electronics,Audio,Samsung,27711.39,18676.81
P00757,Accessories_757,Fashion,Accessories,Sony,79660.2,63515.46
P00758,Mobile_758,Electronics,Mobile,Dell,46760.95,37396.23
P00759,TV_759,Electronics,TV,Puma,37632.06,23431.18
P00760,Accessories_760,Fashion,Accessories,Boat,56713.14,40701.36
P00761,Outdoor_761,Sports,Outdoor,Boat,35070.28,25756.39
P00762,Shoes_762,Fashion,Shoes,HP,93089.08,65912.86
P00763,Accessories_763,Fashion,Accessories,Philips,11078.93,8677.83
P00764,TV_764,Electronics,TV,Puma,95249.93,72062.06
P00765,Audio_765,Electronics,Audio,Philips,22556.55,15408.42
P00766,Mobile_766,Electronics,Mobile,HP,23435.79,14957.7
P00767,Accessories_767,Fashion,Accessories,Dell,50177.36,31092.65
P00768,Laptop_768,Electronics,Laptop,LG,5224.39,3811.07
P00769,TV_769,Electronics,TV,Sony,84283.85,54119.79
P00770,Cosmetics_770,Beauty,Cosmetics,Nike,30032.32,22683.31
P00771,Outdoor_771,Sports,Outdoor,Apple,39178.91,26094.42
P00772,Fiction_772,Books,Fiction,Boat,26535.96,16475.83
P00773,Clothing_773,Fashion,Clothing,LG,41568.07,23806.14
P00774,Decor_774,Home,Decor,Nike,42714.2,27867.24
P00775,Decor_775,Home,Decor,Philips,89502.3,60752.16
P00776,Audio_776,Electronics,Audio,Nike,99156.26,70401.67
P00777,Accessories_777,Fashion,Accessories,Sony,74765.85,41489.12
P00778,Kitchen_778,Home,Kitchen,Boat,58448.76,41024.57
P00779,TV_779,Electronics,TV,Boat,93177.08,73935.44
P00780,Shoes_780,Fashion,Shoes,Apple,47106.49,30431.74
P00781,Shoes_781,Fashion,Shoes,Sony,14411.81,8915.58
P00782,TV_782,Electronics,TV,Samsung,97793.29,65351.06
P00783,Laptop_783,Electronics,Laptop,Puma,92152.37,58153.09
P00784,Audio_784,Electronics,Audio,Philips,14408.24,9283.14
P00785,Accessories_785,Fashion,Accessories,Sony,80269.24,62888.94
P00786,Mobile_786,Electronics,Mobile,HP,79035.68,46502.17
P00787,Mobile_787,Electronics,Mobile,Samsung,64394.47,36191.11
P00788,Laptop_788,Electronics,Laptop,Nike,95329.16,76227.65
P00789,TV_789,Electronics,TV,Dell,24408.48,14026.63
P00790,Decor_790,Home,Decor,Philips,57806.58,37123.18
P00791,Shoes_791,Fashion,Shoes,Philips,16996.76,12821.42
P00792,Shoes_792,Fashion,Shoes,Boat,96553.81,64952.39
P00793,Audio_793,Electronics,Audio,Sony,48101.08,29217.0
P00794,Accessories_794,Fashion,Accessories,Puma,43359.75,33794.03
P00795,Audio_795,Electronics,Audio,LG,17586.18,11771.33
P00796,Skincare_796,Beauty,Skincare,Apple,31498.22,20720.85
P00797,Laptop_797,Electronics,Laptop,LG,71145.03,55604.11
P00798,Laptop_798,Electronics,Laptop,Nike,40220.59,25643.51
P00799,Decor_799,Home,Decor,Philips,49900.36,37391.78
P00800,Decor_800,Home,Decor,HP,1695.67,1026.24
P00801,TV_801,Electronics,TV,Samsung,62924.27,38660.54
P00802,Shoes_802,Fashion,Shoes,Nike,56830.1,38398.66
P00803,Clothing_803,Fashion,Clothing,LG,72613.52,47335.84
P00804,Fiction_804,Books,Fiction,Sony,63518.01,38373.37
P00805,Accessories_805,Fashion,Accessories,Apple,80140.0,62948.84
P00806,Cosmetics_806,Beauty,Cosmetics,LG,9627.03,6256.58
P00807,Skincare_807,Beauty,Skincare,Nike,80770.2,54522.61
P00808,Fitness_808,Sports,Fitness,Samsung,44762.66,25926.94
P00809,Laptop_809,Electronics,Laptop,Samsung,91991.53,60229.39
P00810,Shoes_810,Fashion,Shoes,Boat,46437.77,26942.51
P00811,Audio_811,Electronics,Audio,Apple,50655.59,29648.91
P00812,Fitness_812,Sports,Fitness,Samsung,70057.08,40194.03
P00813,Furniture_813,Home,Furniture,Philips,18038.87,14259.8
P00814,Clothing_814,Fashion,Clothing,Dell,50892.2,39474.3
P00815,Cosmetics_815,Beauty,Cosmetics,Sony,74311.24,41754.86
P00816,Audio_816,Electronics,Audio,HP,92486.54,66595.28
P00817,Kitchen_817,Home,Kitchen,Philips,55986.12,43562.84
P00818,Cosmetics_818,Beauty,Cosmetics,Dell,68940.55,40119.03
P00819,Fitness_819,Sports,Fitness,Dell,8568.48,5899.83
P00820,Accessories_820,Fashion,Accessories,HP,44045.17,29969.15
P00821,Mobile_821,Electronics,Mobile,LG,61695.77,40572.47
P00822,Laptop_822,Electronics,Laptop,Apple,47675.81,34733.89
P00823,Audio_823,Electronics,Audio,Sony,18400.41,11447.51
P00824,Outdoor_824,Sports,Outdoor,HP,95323.59,76135.25
P00825,Audio_825,Electronics,Audio,Apple,95342.67,59363.57
P00826,Skincare_826,Beauty,Skincare,Sony,90005.91,62573.01
P00827,Laptop_827,Electronics,Laptop,Dell,6531.42,4316.28
P00828,Audio_828,Electronics,Audio,HP,22963.76,13841.24
P00829,Audio_829,Electronics,Audio,LG,33821.61,18972.81
P00830,Mobile_830,Electronics,Mobile,LG,41430.61,30805.97
P00831,Decor_831,Home,Decor,Dell,32502.5,22360.47
P00832,Decor_832,Home,Decor,Puma,39475.42,29036.89
P00833,Mobile_833,Electronics,Mobile,Boat,2980.26,1757.58
P00834,Shoes_834,Fashion,Shoes,Samsung,90785.51,60938.26
P00835,Laptop_835,Electronics,Laptop,Sony,8432.84,5383.0
P00836,Shoes_836,Fashion,Shoes,LG,82074.71,65614.7
P00837,Audio_837,Electronics,Audio,Dell,98301.35,55124.27
P00838,Fitness_838,Sports,Fitness,Samsung,86241.35,58739.13
P00839,Skincare_839,Beauty,Skincare,Sony,70022.93,50064.25
P00840,Audio_840,Electronics,Audio,Sony,64812.71,44560.23
P00841,Fitness_841,Sports,Fitness,Sony,38848.87,26343.77
P00842,TV_842,Electronics,TV,Sony,32937.31,21001.6
P00843,Shoes_843,Fashion,Shoes,Dell,81040.92,57307.98
P00844,Laptop_844,Electronics,Laptop,Philips,18261.97,13167.66
P00845,Audio_845,Electronics,Audio,Samsung,25368.97,15636.41
P00846,Cosmetics_846,Beauty,Cosmetics,Apple,38583.01,30286.08
P00847,Mobile_847,Electronics,Mobile,Puma,12321.01,6862.95
P00848,Accessories_848,Fashion,Accessories,Boat,16001.62,11091.67
P00849,Laptop_849,Electronics,Laptop,Samsung,28483.94,21104.58
P00850,Clothing_850,Fashion,Clothing,Philips,65826.98,43929.18
P00851,TV_851,Electronics,TV,Philips,68440.36,51141.13
P00852,Furniture_852,Home,Furniture,Boat,96767.08,63970.34
P00853,Fitness_853,Sports,Fitness,Dell,38778.18,28794.8
P00854,Clothing_854,Fashion,Clothing,Apple,17851.96,11238.75
P00855,Accessories_855,Fashion,Accessories,Sony,16673.52,11713.72
P00856,Kitchen_856,Home,Kitchen,Apple,68849.06,40439.93
P00857,Clothing_857,Fashion,Clothing,HP,25841.66,18095.37
P00858,Laptop_858,Electronics,Laptop,Puma,69814.96,51831.18
P00859,Accessories_859,Fashion,Accessories,Sony,60698.85,40314.36
P00860,Audio_860,Electronics,Audio,Apple,79453.52,54015.85
P00861,Fitness_861,Sports,Fitness,Samsung,84665.48,63878.41
P00862,Shoes_862,Fashion,Shoes,Philips,76050.24,41862.24
P00863,Laptop_863,Electronics,Laptop,Sony,6665.59,5014.53
P00864,Clothing_864,Fashion,Clothing,Apple,81567.72,49741.89
P00865,Audio_865,Electronics,Audio,Sony,20678.14,16183.27
P00866,Audio_866,Electronics,Audio,Sony,1561.11,982.34
P00867,TV_867,Electronics,TV,Apple,72725.45,55152.26
P00868,Audio_868,Electronics,Audio,Samsung,28053.37,16398.93
P00869,Accessories_869,Fashion,Accessories,Puma,38090.13,26569.62
P00870,Mobile_870,Electronics,Mobile,Sony,42455.45,31209.95
P00871,Accessories_871,Fashion,Accessories,LG,7442.38,4714.39
P00872,Outdoor_872,Sports,Outdoor,Nike,71090.44,50389.48
P00873,Mobile_873,Electronics,Mobile,Puma,83953.93,62656.76
P00874,Decor_874,Home,Decor,Dell,90693.46,59757.95
P00875,Shoes_875,Fashion,Shoes,Dell,51769.13,31789.74
P00876,Skincare_876,Beauty,Skincare,Philips,93921.63,68049.88
P00877,Cosmetics_877,Beauty,Cosmetics,HP,28844.1,19249.85
P00878,Accessories_878,Fashion,Accessories,Nike,34565.42,22333.54
P00879,Cosmetics_879,Beauty,Cosmetics,Sony,91591.89,68531.58
P00880,Audio_880,Electronics,Audio,Nike,4815.94,2787.83
P00881,Decor_881,Home,Decor,Sony,98114.15,74125.17
P00882,Audio_882,Electronics,Audio,Nike,59781.75,45183.83
P00883,Skincare_883,Beauty,Skincare,Samsung,2221.98,1663.72
P00884,Clothing_884,Fashion,Clothing,Apple,48776.88,30678.23
P00885,Laptop_885,Electronics,Laptop,Sony,75950.01,54555.55
P00886,Audio_886,Electronics,Audio,LG,97082.07,76860.35
P00887,Fitness_887,Sports,Fitness,Dell,16566.95,9296.01
P00888,Furniture_888,Home,Furniture,Dell,13246.01,8029.62
P00889,Laptop_889,Electronics,Laptop,Boat,12893.92,9485.96
P00890,TV_890,Electronics,TV,Nike,88287.19,50456.49
P00891,Accessories_891,Fashion,Accessories,Apple,5620.58,3532.54
P00892,Mobile_892,Electronics,Mobile,Samsung,28936.07,22718.39
P00893,Decor_893,Home,Decor,Sony,54226.04,33061.02
P00894,Decor_894,Home,Decor,Samsung,16553.42,9762.28
P00895,Shoes_895,Fashion,Shoes,Sony,83811.61,63242.53
P00896,TV_896,Electronics,TV,Philips,62809.46,38882.11
P00897,Accessories_897,Fashion,Accessories,Apple,73143.87,46068.15
P00898,Furniture_898,Home,Furniture,HP,90851.18,67064.16
P00899,Furniture_899,Home,Furniture,Dell,29565.16,21247.78
P00900,Audio_900,Electronics,Audio,Philips,17976.49,12039.59
P00901,Skincare_901,Beauty,Skincare,Philips,76077.74,43755.05
P00902,Cosmetics_902,Beauty,Cosmetics,HP,62234.83,41657.96
P00903,Accessories_903,Fashion,Accessories,Puma,65346.53,49068.97
P00904,TV_904,Electronics,TV,Boat,55640.6,35788.72
P00905,Laptop_905,Electronics,Laptop,Dell,53614.44,32217.23
P00906,Clothing_906,Fashion,Clothing,LG,2412.05,1615.16
P00907,Accessories_907,Fashion,Accessories,Apple,51756.09,32984.42
P00908,Skincare_908,Beauty,Skincare,Dell,49233.03,36753.08
P00909,TV_909,Electronics,TV,Boat,64995.92,46142.19
P00910,Audio_910,Electronics,Audio,HP,37034.48,21138.05
P00911,Clothing_911,Fashion,Clothing,Apple,40761.6,26055.09
P00912,Shoes_912,Fashion,Shoes,Philips,29596.04,18987.43
P00913,Accessories_913,Fashion,Accessories,Apple,22522.12,16665.73
P00914,Audio_914,Electronics,Audio,Apple,49314.78,30824.66
P00915,Accessories_915,Fashion,Accessories,Philips,70082.63,55986.54
P00916,Shoes_916,Fashion,Shoes,HP,63479.43,35064.21
P00917,Clothing_917,Fashion,Clothing,LG,92089.42,55962.45
P00918,Clothing_918,Fashion,Clothing,Philips,2420.42,1514.7
P00919,Furniture_919,Home,Furniture,Nike,34390.66,27191.88
P00920,Audio_920,Electronics,Audio,Apple,89952.93,66745.5
P00921,Accessories_921,Fashion,Accessories,Samsung,39877.12,31575.81
P00922,TV_922,Electronics,TV,Nike,99285.96,65341.25
P00923,Cosmetics_923,Beauty,Cosmetics,Apple,51090.11,33361.11
P00924,Shoes_924,Fashion,Shoes,Apple,49345.66,32618.46
P00925,Clothing_925,Fashion,Clothing,Boat,63405.84,35701.25
P00926,Laptop_926,Electronics,Laptop,Philips,80145.99,58696.76
P00927,Clothing_927,Fashion,Clothing,Nike,18821.51,11556.47
P00928,Laptop_928,Electronics,Laptop,HP,55090.12,39867.91
P00929,Accessories_929,Fashion,Accessories,Samsung,81723.71,49262.94
P00930,Laptop_930,Electronics,Laptop,Apple,25594.9,16402.05
P00931,Kitchen_931,Home,Kitchen,Boat,72044.7,48217.45
P00932,Furniture_932,Home,Furniture,Philips,7467.35,4627.85
P00933,TV_933,Electronics,TV,LG,78423.23,45382.22
P00934,Audio_934,Electronics,Audio,Nike,29149.96,18542.69
P00935,Laptop_935,Electronics,Laptop,Puma,96008.05,60837.22
P00936,Clothing_936,Fashion,Clothing,Puma,84119.84,55922.09
P00937,Outdoor_937,Sports,Outdoor,LG,20143.56,11762.32
P00938,Decor_938,Home,Decor,Philips,76172.66,50656.32
P00939,Mobile_939,Electronics,Mobile,Boat,47084.55,29800.32
P00940,Kitchen_940,Home,Kitchen,Philips,33605.93,22355.85
P00941,Audio_941,Electronics,Audio,Nike,7707.95,5353.74
P00942,Clothing_942,Fashion,Clothing,Nike,49768.44,28256.3
P00943,Audio_943,Electronics,Audio,HP,35036.41,23457.14
P00944,Accessories_944,Fashion,Accessories,Philips,68942.2,45442.32
P00945,Laptop_945,Electronics,Laptop,Nike,26770.46,17924.7
P00946,Mobile_946,Electronics,Mobile,Dell,19523.05,11877.21
P00947,Education_947,Books,Education,Nike,83532.69,47984.08
P00948,Furniture_948,Home,Furniture,Sony,75172.05,57651.77
P00949,Fitness_949,Sports,Fitness,Philips,31461.68,23878.3
P00950,Skincare_950,Beauty,Skincare,Boat,82914.53,59002.56
P00951,Decor_951,Home,Decor,Nike,51636.06,32652.7
P00952,Fitness_952,Sports,Fitness,Samsung,76846.51,43873.73
P00953,TV_953,Electronics,TV,Puma,421.93,309.9
P00954,Laptop_954,Electronics,Laptop,HP,97755.94,63573.12
P00955,Audio_955,Electronics,Audio,Sony,28709.3,21142.8
P00956,Laptop_956,Electronics,Laptop,Sony,15190.39,8869.42
P00957,Mobile_957,Electronics,Mobile,Puma,84274.77,64338.34
P00958,Shoes_958,Fashion,Shoes,Sony,15747.33,12280.89
P00959,Accessories_959,Fashion,Accessories,Dell,16863.04,11498.29
P00960,Laptop_960,Electronics,Laptop,LG,79076.32,58956.27
P00961,TV_961,Electronics,TV,Apple,84786.81,49661.43
P00962,Audio_962,Electronics,Audio,Philips,56145.17,37384.87
P00963,Accessories_963,Fashion,Accessories,Dell,19001.36,12092.3
P00964,Shoes_964,Fashion,Shoes,Boat,69593.59,44207.79
P00965,Mobile_965,Electronics,Mobile,Philips,10362.59,8097.21
P00966,Shoes_966,Fashion,Shoes,Apple,34246.93,27246.59
P00967,Mobile_967,Electronics,Mobile,Puma,81435.86,53148.0
P00968,TV_968,Electronics,TV,Sony,36809.77,21136.84
P00969,TV_969,Electronics,TV,Puma,38483.2,23083.6
P00970,TV_970,Electronics,TV,Nike,56893.83,33481.3
P00971,Education_971,Books,Education,Apple,51599.92,38385.92
P00972,Laptop_972,Electronics,Laptop,HP,50017.17,39713.12
P00973,Cosmetics_973,Beauty,Cosmetics,Dell,18224.65,13797.86
P00974,Mobile_974,Electronics,Mobile,Samsung,18321.64,10144.06
P00975,Decor_975,Home,Decor,Sony,80285.02,60591.69
P00976,Audio_976,Electronics,Audio,Samsung,46324.18,33611.16
P00977,Accessories_977,Fashion,Accessories,Puma,82290.26,53612.69
P00978,Laptop_978,Electronics,Laptop,Boat,34272.56,25719.7
P00979,Laptop_979,Electronics,Laptop,Sony,36567.86,25821.76
P00980,Shoes_980,Fashion,Shoes,HP,26789.61,20817.79
P00981,Outdoor_981,Sports,Outdoor,Sony,14259.2,10260.82
P00982,Clothing_982,Fashion,Clothing,Sony,46745.01,27652.71
P00983,Accessories_983,Fashion,Accessories,Puma,38522.49,27468.39
P00984,Cosmetics_984,Beauty,Cosmetics,Philips,69863.37,45736.7
P00985,Shoes_985,Fashion,Shoes,Samsung,60128.26,46518.6
P00986,Accessories_986,Fashion,Accessories,LG,77450.89,47203.84
P00987,Laptop_987,Electronics,Laptop,HP,80816.33,56645.98
P00988,Audio_988,Electronics,Audio,Dell,24657.82,14789.3
P00989,Laptop_989,Electronics,Laptop,Boat,13572.42,8665.32
P00990,TV_990,Electronics,TV,Nike,33320.11,20471.58
P00991,Furniture_991,Home,Furniture,Boat,75867.04,46502.19
P00992,TV_992,Electronics,TV,Boat,10132.22,8060.46
P00993,TV_993,Electronics,TV,Samsung,35412.7,24141.22
P00994,Education_994,Books,Education,Samsung,64257.26,35993.38
P00995,Clothing_995,Fashion,Clothing,LG,12466.25,7102.84
P00996,Laptop_996,Electronics,Laptop,Philips,41271.96,29317.74
P00997,Decor_997,Home,Decor,HP,39802.85,29898.32
P00998,Mobile_998,Electronics,Mobile,Sony,92188.07,70688.63
P00999,Audio_999,Electronics,Audio,Boat,84534.13,52554.29
P01000,Accessories_1000,Fashion,Accessories,Philips,22399.95,15949.95
